PID,RESPONSE,RT,STIM,GROUP,PICNOS1,PICNOS2,MATCH,ORTN1,ORTN2,PICID1,PICID2,DAY,SESSION
1,1,853.9616294088469,4,4,93,91,1,3,1,1,1,1,1
1,2,665.1487703201399,5,4,106,108,1,1,3,25,25,1,1
1,1,735.428823094582,6,4,109,110,1,1,2,28,28,1,1
1,1,664.2480761702717,7,4,116,105,2,2,3,31,15,1,1
1,1,799.1842904537527,8,4,100,114,2,1,3,14,30,1,1
1,2,827.3880032929328,9,4,119,120,1,2,3,35,35,1,1
1,1,938.6627036491673,10,4,104,96,2,2,3,15,6,1,1
1,2,1052.64238618675,11,3,73,74,1,1,2,18,18,1,1
1,2,656.9557270600886,12,3,77,70,2,2,1,19,16,1,1
1,1,1261.6965828059485,13,3,71,63,2,2,3,16,3,1,1
1,2,999.5059377346664,14,3,67,69,1,1,3,10,10,1,1
1,2,693.0299936451277,15,3,85,84,2,1,3,23,22,1,1
1,2,1060.3494406994312,16,3,80,81,1,2,3,21,21,1,1
1,1,919.4811449557109,17,3,63,76,2,3,1,3,19,1,1
1,2,772.7332236511419,18,3,90,89,1,3,2,36,36,1,1
1,1,929.9689283630702,19,3,82,87,2,1,3,22,23,1,1
1,1,965.8179270837919,20,3,66,65,1,3,2,9,9,1,1
1,2,1407.3807272129284,21,4,91,92,1,1,2,1,1,1,1
1,2,937.8790223906025,22,4,114,101,2,3,2,30,14,1,1
1,2,1212.4968710787368,23,4,110,109,1,2,1,28,28,1,1
1,2,1104.275952244761,24,4,95,96,1,2,3,6,6,1,1
1,1,880.0357788204826,25,4,100,119,2,1,2,14,35,1,1
1,1,919.8086085825662,26,4,107,114,2,2,3,25,30,1,1
1,2,810.8119906718006,27,4,97,107,2,1,2,7,25,1,1
1,1,887.8959078235371,28,4,103,104,1,1,2,15,15,1,1
1,2,943.4190400562437,29,4,120,97,2,3,1,35,7,1,1
1,1,1082.771743968736,30,4,117,116,1,3,2,31,31,1,1
1,2,969.1567037308753,31,3,69,85,2,3,1,10,23,1,1
1,2,655.5844287875893,32,3,65,79,2,2,1,9,21,1,1
1,1,835.4902596942378,33,3,70,71,1,1,2,16,16,1,1
1,2,631.2808751604207,34,3,81,73,2,3,1,21,18,1,1
1,1,851.2904916845348,35,3,62,61,1,2,1,3,3,1,1
1,2,1058.658765250952,36,3,73,68,2,1,2,18,10,1,1
1,1,700.5868195759654,37,3,90,89,1,3,2,36,36,1,1
1,2,710.3421876472144,38,3,83,84,1,2,3,22,22,1,1
1,1,639.5423200996651,39,3,76,78,1,1,3,19,19,1,1
1,1,828.75487315039,40,3,85,66,2,1,3,23,9,1,1
1,2,840.5623829206745,41,1,18,16,1,3,1,29,29,1,1
1,1,817.6193250748768,42,1,23,22,1,2,1,34,34,1,1
1,2,1094.9436691647775,43,1,29,15,2,2,3,40,24,1,1
1,2,896.8761789740329,44,1,26,12,2,2,3,38,13,1,1
1,1,623.2012002144795,45,1,3,28,2,3,1,2,40,1,1
1,1,804.3957942708018,46,1,19,21,1,1,3,32,32,1,1
1,2,1287.4839020719946,47,1,6,5,1,3,2,4,4,1,1
1,2,741.3827000911792,48,1,13,2,2,1,2,24,2,1,1
1,1,704.9237576690289,49,1,7,8,1,1,2,12,12,1,1
1,2,1159.1744112858867,50,1,10,27,2,1,3,13,38,1,1
1,1,760.9772738611664,51,2,54,52,1,3,1,33,33,1,1
1,1,1241.8620755930738,52,2,32,46,2,2,1,5,26,1,1
1,2,788.3807961566148,53,2,44,33,2,2,3,20,5,1,1
1,1,1465.771453645987,54,2,48,35,2,3,2,26,8,1,1
1,1,936.813802129411,55,2,37,38,1,1,2,11,11,1,1
1,1,1557.404547928073,56,2,34,60,2,1,3,8,39,1,1
1,1,803.7296321132641,57,2,58,45,2,1,3,39,20,1,1
1,2,1096.419541702238,58,2,40,41,1,1,2,17,17,1,1
1,2,976.5317462833905,59,2,56,55,1,2,1,37,37,1,1
1,2,1150.9263230015813,60,2,51,50,1,3,2,27,27,1,1
1,2,937.3221909745002,61,1,26,25,1,2,1,38,38,1,1
1,2,1152.7712592302423,62,1,11,24,2,2,3,13,34,1,1
1,2,969.6802618332651,63,1,9,2,2,3,2,12,2,1,1
1,1,948.5975405673685,64,1,6,5,1,3,2,4,4,1,1
1,2,875.2497561833401,65,1,30,29,1,3,2,40,40,1,1
1,2,1247.0163967857088,66,1,13,12,2,1,3,24,13,1,1
1,2,958.4647366766053,67,1,16,18,1,1,3,29,29,1,1
1,1,1571.363678353884,68,1,1,8,2,1,2,2,12,1,1
1,2,1308.123971625275,69,1,19,20,1,1,2,32,32,1,1
1,1,643.2528636261325,70,1,23,15,2,2,3,34,24,1,1
1,1,767.6612073658708,71,2,50,37,2,2,1,27,11,1,1
1,1,842.5384154460494,72,2,32,33,1,2,3,5,5,1,1
1,1,854.64808747639,73,2,58,59,1,1,2,39,39,1,1
1,1,960.0204364263777,74,2,47,42,2,2,3,26,17,1,1
1,2,551.7636267082369,75,2,36,46,2,3,1,8,26,1,1
1,2,1014.0606515816185,76,2,40,50,2,1,2,17,27,1,1
1,1,1137.3594106822236,77,2,55,56,1,1,2,37,37,1,1
1,1,1079.114464847479,78,2,52,53,1,1,2,33,33,1,1
1,2,739.210281840398,79,2,39,35,2,3,2,11,8,1,1
1,2,722.0475446604356,80,2,45,44,1,3,2,20,20,1,1
2,2,886.4074357454435,1,4,105,103,1,3,1,15,15,1,1
2,2,1144.500667823884,2,4,119,120,1,2,3,35,35,1,1
2,1,999.0623853399586,3,4,108,106,1,3,1,25,25,1,1
2,2,962.1242620399996,5,4,93,109,2,3,1,1,28,1,1
2,1,1181.7262338136784,6,4,98,96,2,2,3,7,6,1,1
2,2,1078.6664533566582,7,4,100,101,1,1,2,14,14,1,1
2,2,776.9846724136115,8,4,94,99,2,1,3,6,7,1,1
2,2,1486.5139431172438,9,4,109,113,2,1,2,28,30,1,1
2,1,1025.4693161268879,10,4,113,91,2,2,1,30,1,1,1
2,1,969.8350145707541,11,1,23,16,2,2,1,34,29,1,1
2,2,1019.8075609598857,12,1,16,20,2,1,2,29,32,1,1
2,1,987.8753172308457,13,1,8,1,2,2,1,12,2,1,1
2,1,2073.520693225023,14,1,12,10,1,3,1,13,13,1,1
2,2,1799.47924764554,15,1,21,23,2,3,2,32,34,1,1
2,1,1126.2179826495988,16,1,6,4,1,3,1,4,4,1,1
2,1,1340.3191940558445,17,1,28,30,1,1,3,40,40,1,1
2,1,1005.3917122437529,18,1,14,13,1,2,1,24,24,1,1
2,1,937.0445322353444,19,1,25,26,1,1,2,38,38,1,1
2,2,1504.1719846498395,20,1,1,8,2,1,2,2,12,1,1
2,1,940.296270821957,21,3,75,77,2,3,2,18,19,1,1
2,2,1282.1118952947572,22,3,77,64,2,2,1,19,9,1,1
2,2,1772.5211718917874,23,3,86,85,1,2,1,23,23,1,1
2,2,1695.6327610422265,24,3,82,83,1,1,2,22,22,1,1
2,2,1029.5543204709684,25,3,79,63,2,1,3,21,3,1,1
2,1,1578.854465474773,26,3,90,88,1,3,1,36,36,1,1
2,2,1735.6478974875777,27,3,70,72,1,1,3,16,16,1,1
2,1,1358.3836369636706,28,3,63,79,2,3,1,3,21,1,1
2,1,1707.6460428888258,29,3,65,75,2,2,3,9,18,1,1
2,1,1280.108367062025,30,3,67,69,1,1,3,10,10,1,1
2,2,740.1012043541621,31,4,91,107,2,1,2,1,25,1,1
2,2,1012.4087975612102,32,4,110,111,1,2,3,28,28,1,1
2,1,1589.0194087924588,33,4,115,116,1,1,2,31,31,1,1
2,1,944.3924256043322,34,4,113,112,1,2,1,30,30,1,1
2,1,1492.0290319944945,35,4,97,99,1,1,3,7,7,1,1
2,1,1624.0495595541433,36,4,101,94,2,2,1,14,6,1,1
2,2,1244.3028977486886,37,4,120,118,1,3,1,35,35,1,1
2,2,1168.2793690829371,38,4,103,101,2,1,2,15,14,1,1
2,2,695.4181125543375,39,4,96,91,2,3,1,6,1,1,1
2,1,1478.8135517145713,40,4,108,103,2,3,1,25,15,1,1
2,1,877.7182681991762,41,1,4,5,1,1,2,4,4,1,1
2,1,1071.214390775626,42,1,2,24,2,2,3,2,34,1,1
2,1,1894.2276257741087,43,1,15,8,2,3,2,24,12,1,1
2,2,1164.6622316337166,44,1,10,11,1,1,2,13,13,1,1
2,2,1468.1835384458273,46,1,21,19,1,3,1,32,32,1,1
2,1,1028.0700958867246,47,1,30,28,1,3,1,40,40,1,1
2,2,1464.8646632730952,48,1,17,13,2,2,1,29,24,1,1
2,2,951.8524900637067,49,1,7,2,2,1,2,12,2,1,1
2,1,1782.8092527504887,50,1,23,18,2,2,3,34,29,1,1
2,1,2020.6040266714845,51,2,39,46,2,3,1,11,26,1,1
2,2,1151.8079961110752,52,2,51,49,1,3,1,27,27,1,1
2,1,931.3020007375095,53,2,52,54,1,1,3,33,33,1,1
2,1,1115.4054351126363,54,2,55,56,1,1,2,37,37,1,1
2,1,2075.5803269405815,55,2,44,58,2,2,1,20,39,1,1
2,1,1053.5651067100894,56,2,48,43,2,3,1,26,20,1,1
2,2,1838.4027285938064,57,2,35,36,1,2,3,8,8,1,1
2,2,952.2514314606432,58,2,31,38,2,1,2,5,11,1,1
2,2,1172.437443989802,59,2,59,31,2,2,1,39,5,1,1
2,2,805.3289632504168,60,2,40,42,1,1,3,17,17,1,1
2,1,1106.5685869604836,61,3,69,67,1,3,1,10,10,1,1
2,1,1061.8130361590415,62,3,65,66,1,2,3,9,9,1,1
2,1,1367.1996947187222,63,3,85,63,2,1,3,23,3,1,1
2,1,1352.5018504709747,64,3,83,85,2,2,1,22,23,1,1
2,2,970.2281192514682,65,3,79,81,1,1,3,21,21,1,1
2,2,1720.8482759266205,66,3,63,70,2,3,1,3,16,1,1
2,1,883.6582388766478,67,3,73,74,1,1,2,18,18,1,1
2,2,1638.8026939013364,68,3,72,88,2,3,1,16,36,1,1
2,2,745.502145021952,69,3,76,77,1,1,2,19,19,1,1
2,1,1212.7619116477495,70,3,89,84,2,2,3,36,22,1,1
2,2,1486.8670177541865,71,2,52,53,1,1,2,33,33,1,1
2,1,1706.2840239380544,72,2,48,46,1,3,1,26,26,1,1
2,2,1830.3401879184676,73,2,55,39,2,1,3,37,11,1,1
2,2,1460.598944986855,74,2,33,56,2,3,2,5,37,1,1
2,1,879.5544331875603,75,2,34,50,2,1,2,8,27,1,1
2,2,890.5662876966476,76,2,43,44,1,1,2,20,20,1,1
2,1,2041.408687155557,78,2,59,58,1,2,1,39,39,1,1
2,2,1345.0529267840047,79,2,38,34,2,2,1,11,8,1,1
2,2,1262.643301901781,80,2,51,31,2,3,1,27,5,1,1
4,1,1095.6396693838315,1,1,3,1,1,3,1,2,2,1,1
4,1,1293.664380407692,2,1,16,18,1,1,3,29,29,1,1
4,2,1144.7297070138995,3,1,5,9,2,2,3,4,12,1,1
4,1,1084.7952866547362,4,1,19,21,1,1,3,32,32,1,1
4,1,749.1713119041035,5,1,27,26,1,3,2,38,38,1,1
4,1,782.5866770862715,6,1,29,12,2,2,3,40,13,1,1
4,1,750.5134245954056,7,1,13,6,2,1,3,24,4,1,1
4,2,828.0400273462706,8,1,12,14,2,3,2,13,24,1,1
4,2,1164.4831149163192,9,1,7,29,2,1,2,12,40,1,1
4,1,999.5134935562293,10,1,23,22,1,2,1,34,34,1,1
4,2,891.9100920454496,11,2,47,48,1,2,3,26,26,1,1
4,2,1109.0761488522908,12,2,32,51,2,2,3,5,27,1,1
4,1,1179.2078869359657,13,2,44,52,2,2,1,20,33,1,1
4,1,1250.7131916956218,14,2,37,39,1,1,3,11,11,1,1
4,1,777.1793480643212,15,2,54,44,2,3,2,33,20,1,1
4,2,1125.5667674638319,16,2,34,36,1,1,3,8,8,1,1
4,1,926.4636460792769,17,2,57,32,2,3,2,37,5,1,1
4,2,839.4688712170272,18,2,49,57,2,1,3,27,37,1,1
4,2,1459.672120807963,19,2,60,58,1,3,1,39,39,1,1
4,2,1619.7682669726164,20,2,40,42,1,1,3,17,17,1,1
4,1,729.7649337335644,21,3,80,85,2,2,1,21,23,1,1
4,2,1038.4076355303207,22,3,61,62,1,1,2,3,3,1,1
4,1,824.3935209188617,23,3,90,88,1,3,1,36,36,1,1
4,2,886.3176274373592,24,3,64,65,1,1,2,9,9,1,1
4,2,1320.1444655689843,25,3,69,82,2,3,1,10,22,1,1
4,1,820.61309818488985,26,3,84,67,2,3,1,22,10,1,1
4,2,790.8424596317391,27,3,71,70,1,2,1,16,16,1,1
4,2,1235.4127343829468,28,3,77,78,1,2,3,19,19,1,1
4,2,665.7805924172878,29,3,85,75,2,1,3,23,18,1,1
4,2,1048.599692292589,30,3,73,80,2,1,2,18,21,1,1
4,2,681.250657042499,31,4,111,109,1,3,1,28,28,1,1
4,2,918.1884538523885,32,4,97,99,1,1,3,7,7,1,1
4,2,1022.5449934339649,33,4,102,100,1,3,1,14,14,1,1
4,1,811.8607490494495,34,4,93,104,2,3,2,1,15,1,1
4,1,1096.757612855487,35,4,115,113,2,1,2,31,30,1,1
4,1,746.8911261736749,36,4,119,118,1,2,1,35,35,1,1
4,2,696.969031840201,37,4,94,92,2,1,2,6,1,1,1
4,1,782.7666803269478,38,4,103,117,2,1,3,15,31,1,1
4,2,658.3687930226313,39,4,113,94,2,2,1,30,6,1,1
4,2,791.2459725679196,40,4,107,106,1,2,1,25,25,1,1
4,1,1608.2687029344015,41,1,14,13,1,2,1,24,24,1,1
4,2,652.2683661331653,42,1,4,5,1,1,2,4,4,1,1
4,1,1322.8491711856736,43,1,10,23,2,1,2,13,34,1,1
4,2,1160.76280271031,44,1,20,19,1,2,1,32,32,1,1
4,1,700.8525674585203,45,1,18,16,1,3,1,29,29,1,1
4,1,1238.3184797693161,46,1,28,8,2,1,2,40,12,1,1
4,2,844.3372543993105,47,1,1,3,1,1,3,2,2,1,1
4,1,1135.8235003839038,48,1,8,28,2,2,1,12,40,1,1
4,2,1028.3814593640168,49,1,24,25,2,3,1,34,38,1,1
4,2,778.849387952966,50,1,27,10,2,3,1,38,13,1,1
4,1,944.7673003283076,51,2,31,38,2,1,2,5,11,1,1
4,2,717.9717797711348,52,2,51,52,2,3,1,27,33,1,1
4,1,965.305988050879,53,2,58,59,1,1,2,39,39,1,1
4,1,1117.090846285543,54,2,46,48,1,1,3,26,26,1,1
4,1,1049.1045972670454,55,2,39,32,2,3,2,11,5,1,1
4,2,1337.4954558505342,56,2,35,34,1,2,1,8,8,1,1
4,2,896.7444496290364,57,2,42,50,2,3,2,17,27,1,1
4,2,716.2299397627403,58,2,43,44,1,1,2,20,20,1,1
4,1,859.8212162983607,59,2,56,55,1,2,1,37,37,1,1
4,2,659.9110525349586,60,2,53,40,2,2,1,33,17,1,1
4,1,810.6985992511711,61,3,72,71,1,3,2,16,16,1,1
4,1,1081.438349788767,62,3,90,85,2,3,1,36,23,1,1
4,2,1099.1353283553212,63,3,74,75,1,2,3,18,18,1,1
4,1,770.5112088602546,64,3,61,63,1,1,3,3,3,1,1
4,2,656.7770872581377,65,3,82,81,2,1,3,22,21,1,1
4,1,838.3954620719024,66,3,68,67,1,2,1,10,10,1,1
4,2,851.3141134437564,67,3,65,66,1,2,3,9,9,1,1
4,1,964.639598704561,68,3,87,83,2,3,2,23,22,1,1
4,1,866.1505768639023,69,3,76,90,2,1,3,19,36,1,1
4,2,1111.5916760627824,70,3,79,78,2,1,3,21,19,1,1
4,2,969.0419940063184,71,4,97,98,1,1,2,7,7,1,1
4,1,1034.7690224946025,72,4,113,112,1,2,1,30,30,1,1
4,2,1067.3131701317352,73,4,116,117,1,2,3,31,31,1,1
4,2,764.6479748821797,74,4,93,106,2,3,1,1,25,1,1
4,1,914.2129715854785,75,4,102,103,2,3,1,14,15,1,1
4,2,946.8308251475507,76,4,118,93,2,1,3,35,1,1,1
4,1,892.1053336803025,77,4,96,95,1,3,2,6,6,1,1
4,1,962.4687079362967,78,4,103,101,2,1,2,15,14,1,1
4,2,1214.299919811012,79,4,107,118,2,2,1,25,35,1,1
4,1,905.0602126591909,80,4,109,110,1,1,2,28,28,1,1
5,1,837.6841326935798,1,3,90,79,2,3,1,36,21,1,1
5,2,809.1120045113203,2,3,78,76,1,3,1,19,19,1,1
5,2,829.5429974799547,3,3,85,86,1,1,2,23,23,1,1
5,2,728.688178789756,4,3,64,83,2,1,2,9,22,1,1
5,1,1533.9657339434343,5,3,73,75,1,1,3,18,18,1,1
5,2,1256.7925855452409,6,3,71,66,2,2,3,16,9,1,1
5,2,1072.8271845337763,7,3,83,70,2,2,1,22,16,1,1
5,1,692.87421408915975,8,3,79,89,2,1,2,21,36,1,1
5,2,1422.4376545959922,9,3,68,67,1,2,1,10,10,1,1
5,2,817.5386490360418,10,3,63,62,1,3,2,3,3,1,1
5,2,912.4834449721654,11,4,97,98,1,1,2,7,7,1,1
5,1,1010.1700605296944,12,4,102,100,1,3,1,14,14,1,1
5,1,1059.2157990242745,13,4,93,112,2,3,1,1,30,1,1
5,1,725.63485794477,14,4,95,115,2,2,1,6,31,1,1
5,1,827.9801920440332,15,4,118,120,1,1,3,35,35,1,1
5,2,1048.6019819311468,16,4,109,110,1,1,2,28,28,1,1
5,1,806.9126242782396,17,4,114,106,2,3,1,30,25,1,1
5,2,1288.9640298587337,18,4,116,96,2,2,3,31,6,1,1
5,2,986.6560149945826,19,4,104,105,1,2,3,15,15,1,1
5,2,693.0148753329665,20,4,106,93,2,1,3,25,1,1,1
5,2,1037.2424049302826,21,1,21,19,1,3,1,32,32,1,1
5,2,912.6670555660995,22,1,1,12,2,1,3,2,13,1,1
5,1,1087.8507959312922,23,1,11,9,2,2,3,13,12,1,1
5,1,1053.865590325367,24,1,27,4,2,3,1,38,4,1,1
5,1,979.8211028897254,25,1,8,1,2,2,1,12,2,1,1
5,2,1054.4115772065197,26,1,15,13,1,3,1,24,24,1,1
5,2,695.2508533427141,27,1,17,16,1,2,1,29,29,1,1
5,1,1125.2127401421,28,1,22,23,1,1,2,34,34,1,1
5,2,809.0564745276286,29,1,4,26,2,1,2,4,38,1,1
5,2,1000.0467356826078,30,1,28,30,1,1,3,40,40,1,1
5,2,764.9055414532519,31,3,81,71,2,3,2,21,16,1,1
5,2,933.312779253235,32,3,89,66,2,2,3,36,9,1,1
5,1,1419.790217236167,33,3,67,68,1,1,2,10,10,1,1
5,2,1311.4376665518723,34,3,61,62,1,1,2,3,3,1,1
5,1,1139.2359351820455,35,3,70,90,2,1,3,16,36,1,1
5,1,745.0484792573907,36,3,66,86,2,3,2,9,23,1,1
5,2,1055.2631251540006,37,3,86,79,2,2,1,23,21,1,1
5,1,802.0384962731453,38,3,73,75,1,1,3,18,18,1,1
5,2,975.3572304958801,39,3,77,78,1,2,3,19,19,1,1
5,1,1214.9261348491818,40,3,84,82,1,3,1,22,22,1,1
5,2,1263.546395944514,41,2,58,60,1,1,3,39,39,1,1
5,2,1391.1156553974463,42,2,37,51,2,1,3,11,27,1,1
5,2,952.9291167662595,43,2,36,43,2,3,1,8,20,1,1
5,1,815.6018654506729,44,2,53,52,1,2,1,33,33,1,1
5,1,1283.049592020147,45,2,50,57,2,2,3,27,37,1,1
5,2,718.388400414659,46,2,46,47,1,1,2,26,26,1,1
5,2,1103.3034442246176,47,2,42,40,1,3,1,17,17,1,1
5,1,1195.8723557052149,48,2,45,35,2,3,2,20,8,1,1
5,2,1068.6600188199518,49,2,32,33,1,2,3,5,5,1,1
5,2,1064.2294126498055,50,2,55,38,2,1,2,37,11,1,1
5,2,903.4616619240676,51,4,106,108,1,1,3,25,25,1,1
5,2,1005.5870209230548,52,4,120,100,2,3,1,35,14,1,1
5,2,687.0767439376743,53,4,100,116,2,1,2,14,31,1,1
5,2,1265.0650405242707,54,4,95,97,2,2,1,6,7,1,1
5,1,813.1374286727059,55,4,114,112,1,3,1,30,30,1,1
5,1,1254.8209463107855,56,4,111,109,1,3,1,28,28,1,1
5,2,884.9730038708806,57,4,115,119,2,1,2,31,35,1,1
5,2,2330.377050766067,58,4,91,92,1,1,2,1,1,1,1
5,1,603.5987706915122,59,4,98,94,2,2,1,7,6,1,1
5,1,821.6987699183833,60,4,104,103,1,2,1,15,15,1,1
5,2,898.3771550425627,61,1,28,29,1,1,2,40,40,1,1
5,2,802.3151162394076,62,1,10,12,1,1,3,13,13,1,1
5,2,784.5587871251666,63,1,17,24,2,2,3,29,34,1,1
5,1,1084.7994218378435,64,1,25,21,2,1,3,38,32,1,1
5,1,743.1145035380473,65,1,24,8,2,3,2,34,12,1,1
5,1,673.5123525786146,66,1,2,1,1,2,1,2,2,1,1
5,2,1083.0612379422678,67,1,9,16,2,3,1,12,29,1,1
5,1,668.8656729693403,68,1,13,15,1,1,3,24,24,1,1
5,1,890.3944173413511,69,1,20,25,2,2,1,32,38,1,1
5,2,1256.0682729312002,70,1,6,4,1,3,1,4,4,1,1
5,1,1167.0213883744464,71,2,47,39,2,2,3,26,11,1,1
5,1,808.5987072344598,72,2,50,60,2,2,3,27,39,1,1
5,2,1129.5166310171126,73,2,53,49,2,2,1,33,27,1,1
5,2,1182.8774816519935,74,2,57,55,1,3,1,37,37,1,1
5,2,1261.289819302235,75,2,42,40,1,3,1,17,17,1,1
5,2,603.9635321852172,76,2,58,48,2,1,3,39,26,1,1
5,1,1258.7098041389959,77,2,37,54,2,1,3,11,33,1,1
5,1,822.3759142449287,78,2,36,35,1,3,2,8,8,1,1
5,1,1347.7578598031293,79,2,31,32,1,1,2,5,5,1,1
5,2,695.7098087174,80,2,43,45,1,1,3,20,20,1,1
6,2,698.8920523272488,1,1,29,28,1,2,1,40,40,1,1
6,2,935.9168563719427,2,1,8,7,1,2,1,12,12,1,1
6,1,789.4831550109257,3,1,21,20,1,3,2,32,32,1,1
6,2,1467.6695878552587,4,1,25,18,2,1,3,38,29,1,1
6,2,701.726501856064,5,1,10,12,1,1,3,13,13,1,1
6,1,836.4575593423222,6,1,6,25,2,3,1,4,38,1,1
6,1,780.3915181854877,7,1,22,15,2,1,3,34,24,1,1
6,2,802.1693220105344,8,1,14,4,2,2,1,24,4,1,1
6,1,1220.6621664863724,9,1,3,1,1,3,1,2,2,1,1
6,1,516.6228321503734,10,1,16,24,2,1,3,29,34,1,1
6,2,837.0575723546476,11,3,79,66,2,1,3,21,9,1,1
6,2,914.3624480375751,12,3,66,86,2,3,2,9,23,1,1
6,1,1013.3714378163584,13,3,86,72,2,2,3,23,16,1,1
6,1,1166.827036287048,14,3,73,80,2,1,2,18,21,1,1
6,1,1111.561297900945,15,3,62,63,1,2,3,3,3,1,1
6,2,646.1295258421387,16,3,78,76,1,3,1,19,19,1,1
6,1,784.7196879315495,17,3,72,74,2,3,2,16,18,1,1
6,1,835.7664295737347,18,3,89,90,1,2,3,36,36,1,1
6,2,986.0580376940547,19,3,82,84,1,1,3,22,22,1,1
6,2,692.9661080654657,20,3,67,69,1,1,3,10,10,1,1
6,2,658.2714785530427,21,4,112,114,1,1,3,30,30,1,1
6,1,684.1960153978482,22,4,93,104,2,3,2,1,15,1,1
6,2,530.4193320176971,23,4,106,101,2,1,2,25,14,1,1
6,1,773.5540627671946,24,4,99,91,2,3,1,7,1,1,1
6,2,1145.9026248947998,25,4,119,120,1,2,3,35,35,1,1
6,1,836.3684388817738,26,4,95,96,1,2,3,6,6,1,1
6,2,770.8902164584191,27,4,100,107,2,1,2,14,25,1,1
6,2,921.637936239761,28,4,110,109,1,2,1,28,28,1,1
6,2,695.6307079325688,29,4,103,98,2,1,2,15,7,1,1
6,1,795.9560666161378,30,4,117,115,1,3,1,31,31,1,1
6,2,777.9100656677597,31,3,63,80,2,3,2,3,21,1,1
6,1,1415.1824224348916,32,3,89,76,2,2,1,36,19,1,1
6,1,832.3147905234855,33,3,70,71,1,1,2,16,16,1,1
6,2,799.2214435308974,34,3,82,83,1,1,2,22,22,1,1
6,2,820.6708870844178,35,3,75,74,1,3,2,18,18,1,1
6,1,668.3399835101068,36,3,67,89,2,1,2,10,36,1,1
6,2,962.0865275409133,37,3,80,63,2,2,3,21,3,1,1
6,1,899.176924856493,38,3,78,67,2,3,1,19,10,1,1
6,1,683.9772743528522,39,3,86,87,1,2,3,23,23,1,1
6,2,851.387782707377,40,3,64,65,1,1,2,9,9,1,1
6,2,778.9694276486027,41,2,54,53,1,3,2,33,33,1,1
6,2,584.3615716581926,42,2,31,38,2,1,2,5,11,1,1
6,2,883.4743920952551,43,2,37,60,2,1,3,11,39,1,1
6,2,846.5997854342387,44,2,44,43,1,2,1,20,20,1,1
6,1,943.7850000950555,45,2,49,50,1,1,2,27,27,1,1
6,2,885.6573260355971,46,2,59,33,2,2,3,39,5,1,1
6,1,647.493510136443,47,2,48,47,1,3,2,26,26,1,1
6,2,1017.2450615400551,48,2,41,34,2,2,1,17,8,1,1
6,1,763.8156937647215,49,2,36,41,2,3,2,8,17,1,1
6,2,663.526464957871,50,2,55,57,1,1,3,37,37,1,1
6,2,974.9840709886548,51,4,92,91,1,2,1,1,1,1,1
6,2,1161.9101393583694,52,4,114,116,2,3,2,30,31,1,1
6,1,1630.3054918888456,53,4,102,113,2,3,2,14,30,1,1
6,2,809.1288035654989,54,4,97,102,2,1,3,7,14,1,1
6,2,964.7577654853143,55,4,118,120,1,1,3,35,35,1,1
6,1,1038.0658988042833,56,4,115,110,2,1,2,31,28,1,1
6,2,868.5166150250213,57,4,104,105,1,2,3,15,15,1,1
6,1,749.3344066109688,58,4,110,97,2,2,1,28,7,1,1
6,2,992.0214714038004,59,4,106,108,1,1,3,25,25,1,1
6,1,1213.0051844846403,60,4,96,94,1,3,1,6,6,1,1
6,2,604.4332600165718,61,2,35,36,1,2,3,8,8,1,1
6,1,625.9533148402812,62,2,33,50,2,3,2,5,27,1,1
6,1,829.5720754865097,63,2,55,57,1,1,3,37,37,1,1
6,2,1373.6094175799085,64,2,46,47,1,1,2,26,26,1,1
6,2,598.8170973165836,65,2,42,41,1,3,2,17,17,1,1
6,1,669.4600373631652,66,2,49,59,2,1,2,27,39,1,1
6,2,730.0294600606421,67,2,52,53,1,1,2,33,33,1,1
6,1,1015.4569952231309,68,2,59,31,2,2,1,39,5,1,1
6,2,876.7875952526196,69,2,39,44,2,3,2,11,20,1,1
6,2,992.4444926520105,70,2,44,37,2,2,1,20,11,1,1
6,2,993.9536370505523,71,1,19,20,1,1,2,32,32,1,1
6,2,838.4960626943652,72,1,11,1,2,2,1,13,2,1,1
6,1,716.2861786402183,73,1,30,28,1,3,1,40,40,1,1
6,1,1491.2999323775643,74,1,26,27,1,2,3,38,38,1,1
6,1,722.4541724953232,75,1,15,4,2,3,1,24,4,1,1
6,1,759.3493823991246,76,1,22,23,1,1,2,34,34,1,1
6,2,1682.0029206103438,77,1,17,13,2,2,1,29,24,1,1
6,1,1919.614083925256,78,1,7,8,1,1,2,12,12,1,1
6,1,2348.650775185635,79,1,4,11,2,1,2,4,13,1,1
6,2,912.1560644454665,80,1,3,16,2,3,1,2,29,1,1
7,1,1812.3827395207072,1,1,7,9,1,1,3,12,12,1,1
7,2,848.5394954485255,2,1,16,17,1,1,2,29,29,1,1
7,1,1896.6288401325762,5,1,11,12,1,2,3,13,13,1,1
7,1,985.7254554034703,6,1,20,27,2,2,3,32,38,1,1
7,2,1353.9164041580948,7,1,14,15,1,2,3,24,24,1,1
7,2,1978.4306508028371,8,1,27,1,2,3,1,38,2,1,1
7,1,1231.2275541026092,9,1,4,5,1,1,2,4,4,1,1
7,1,1415.6794077910852,10,1,22,20,2,1,2,34,32,1,1
7,2,1427.2323945866399,11,2,53,45,2,2,3,33,20,1,1
7,1,1349.4237581233547,12,2,41,40,1,2,1,17,17,1,1
7,2,1641.8086769528768,13,2,36,35,1,3,2,8,8,1,1
7,1,841.5366312387938,14,2,55,56,1,1,2,37,37,1,1
7,2,1766.8998557023726,15,2,32,54,2,2,3,5,33,1,1
7,1,800.2193540020817,16,2,39,49,2,3,1,11,27,1,1
7,1,1006.5788405693432,17,2,46,48,1,1,3,26,26,1,1
7,1,1083.079020135593,18,2,45,37,2,3,1,20,11,1,1
7,1,2269.2399247820663,19,2,58,60,1,1,3,39,39,1,1
7,2,2193.139649865676,20,2,49,33,2,1,3,27,5,1,1
7,2,1096.145146487534,21,3,61,62,1,1,2,3,3,1,1
7,2,1084.842497065547,22,3,86,76,2,2,1,23,19,1,1
7,2,1124.0668454172664,23,3,81,85,2,3,1,21,23,1,1
7,2,2501.080063175895,24,3,84,82,1,3,1,22,22,1,1
7,2,817.8654913167558,25,3,89,88,1,2,1,36,36,1,1
7,1,2354.3476541268146,26,3,67,68,1,1,2,10,10,1,1
7,1,2031.890811033356,27,3,77,81,2,2,3,19,21,1,1
7,2,1016.3006017023861,28,3,73,71,2,1,2,18,16,1,1
7,1,1131.8898066901043,29,3,72,74,2,3,2,16,18,1,1
7,2,947.5709527873164,30,3,64,65,1,1,2,9,9,1,1
7,1,1546.6638201417336,31,4,111,110,1,3,2,28,28,1,1
7,2,1084.2971856711617,32,4,115,120,2,1,3,31,35,1,1
7,2,1629.811525262469,33,4,118,95,2,1,2,35,6,1,1
7,1,771.4523200003041,34,4,99,98,1,3,2,7,7,1,1
7,1,1000.2886733378414,35,4,102,100,1,3,1,14,14,1,1
7,1,1296.3599016659132,36,4,107,108,1,2,3,25,25,1,1
7,1,1494.2125883326148,37,4,104,93,2,2,3,15,1,1,1
7,1,1433.1383220315695,38,4,91,105,2,1,3,1,15,1,1
7,2,1638.419278755731,39,4,113,114,1,2,3,30,30,1,1
7,2,2196.2903062089563,40,4,94,117,2,1,3,6,31,1,1
7,1,1392.4030060498949,41,3,87,61,2,3,1,23,3,1,1
7,1,2233.9191666811635,42,3,80,79,1,2,1,21,21,1,1
7,1,1247.9359663656733,43,3,64,65,1,1,2,9,9,1,1
7,1,1772.3961153083633,44,3,83,84,1,2,3,22,22,1,1
7,2,2587.952131155045,45,3,67,69,1,1,3,10,10,1,1
7,2,2005.4994561628241,46,3,90,88,1,3,1,36,36,1,1
7,1,945.9198969563997,47,3,61,74,2,1,2,3,18,1,1
7,2,1537.9167920580144,48,3,71,78,2,2,3,16,19,1,1
7,1,1598.6284080814028,49,3,78,71,2,3,2,19,16,1,1
7,2,1412.2388529511388,50,3,73,87,2,1,3,18,23,1,1
7,2,1919.7268156608216,51,1,23,22,1,2,1,34,34,1,1
7,2,1653.7167018277341,52,1,14,15,1,2,3,24,24,1,1
7,1,1963.1721850367896,53,1,19,30,2,1,3,32,40,1,1
7,2,1710.40313436209,54,1,30,10,2,3,1,40,13,1,1
7,2,1619.5695832930387,55,1,1,3,1,1,3,2,2,1,1
7,1,1419.0341198223578,56,1,8,7,1,2,1,12,12,1,1
7,2,984.1572623914938,57,1,27,4,2,3,1,38,4,1,1
7,1,1026.1486555235374,58,1,4,26,2,1,2,4,38,1,1
7,2,1463.7682681729443,59,1,10,20,2,1,2,13,32,1,1
7,1,744.1219512877913,60,1,18,16,1,3,1,29,29,1,1
7,1,1608.8444058438083,61,4,110,109,1,2,1,28,28,1,1
7,1,1151.9490170339614,62,4,94,119,2,1,2,6,35,1,1
7,1,770.6575901358042,63,4,105,104,1,3,2,15,15,1,1
7,1,708.2021656615834,64,4,116,117,1,2,3,31,31,1,1
7,2,972.0551871463092,65,4,106,107,1,1,2,25,25,1,1
7,2,1412.2894461020142,66,4,114,95,2,3,2,30,6,1,1
7,2,1059.1006129962661,67,4,118,93,2,1,3,35,1,1,1
7,1,1399.6555088946193,68,4,93,101,2,3,2,1,14,1,1
7,1,1170.1323796911227,69,4,97,99,1,1,3,7,7,1,1
7,2,1261.613464643178,70,4,101,114,2,2,3,14,30,1,1
7,1,1419.165467249655,71,2,51,50,1,3,2,27,27,1,1
7,2,1754.100819691213,72,2,42,40,1,3,1,17,17,1,1
7,1,1538.8712332830828,73,2,54,52,1,3,1,33,33,1,1
7,1,1049.8629241916808,74,2,34,45,2,1,3,8,20,1,1
7,2,1264.037280768136,75,2,46,39,2,1,3,26,11,1,1
7,2,927.4297051785036,76,2,31,47,2,1,2,5,26,1,1
7,1,1169.518254135439,77,2,37,33,2,1,3,11,5,1,1
7,2,1008.0451392148786,79,2,56,55,1,2,1,37,37,1,1
7,2,1135.0628950586547,80,2,44,34,2,2,1,20,8,1,1
8,2,1152.203532089738,1,3,71,72,1,2,3,16,16,1,1
8,2,861.1435229800604,2,3,81,80,1,3,2,21,21,1,1
8,2,1370.33328912273,3,3,82,77,2,1,2,22,19,1,1
8,2,1674.2358025800606,4,3,77,87,2,2,3,19,23,1,1
8,1,961.482475102552,5,3,75,74,1,3,2,18,18,1,1
8,2,1976.4389088685957,6,3,67,68,1,1,2,10,10,1,1
8,1,1089.886000657545,7,3,85,90,2,1,3,23,36,1,1
8,1,1143.5092632233432,8,3,61,63,1,1,3,3,3,1,1
8,1,1598.5273029726186,9,3,65,82,2,2,1,9,22,1,1
8,1,1398.5154062106612,10,3,90,65,2,3,2,36,9,1,1
8,1,911.1238776452594,11,4,119,120,1,2,3,35,35,1,1
8,1,1231.2401195639468,12,4,116,117,1,2,3,31,31,1,1
8,1,1639.52859915067,13,4,94,93,2,1,3,6,1,1,1
8,2,1760.3011193357816,14,4,102,104,2,3,2,14,15,1,1
8,1,1421.083166350628,15,4,105,101,2,3,2,15,14,1,1
8,1,1162.8692986422834,16,4,111,109,1,3,1,28,28,1,1
8,2,1007.9454279708152,17,4,106,107,1,1,2,25,25,1,1
8,1,1447.8266108038872,18,4,112,95,2,1,2,30,6,1,1
8,2,1160.2802136688765,19,4,92,112,2,2,1,1,30,1,1
8,2,1172.756014982857,20,4,97,99,1,1,3,7,7,1,1
8,2,2042.1496111579434,21,2,38,37,1,2,1,11,11,1,1
8,1,1124.7546015710104,22,2,54,53,1,3,2,33,33,1,1
8,2,1676.3884391445363,23,2,35,36,1,2,3,8,8,1,1
8,1,1322.4877021046575,24,2,32,43,2,2,1,5,20,1,1
8,2,1430.3278610485995,25,2,43,41,2,1,2,20,17,1,1
8,1,1032.4389899309235,26,2,48,31,2,3,1,26,5,1,1
8,1,1188.4824073537143,27,2,55,48,2,1,3,37,26,1,1
8,2,1795.3465402766442,28,2,60,59,1,3,2,39,39,1,1
8,2,923.5302859082315,29,2,49,50,1,1,2,27,27,1,1
8,1,1158.8890127683817,30,2,40,57,2,1,3,17,37,1,1
8,1,1040.556133470737,31,1,30,20,2,3,2,40,32,1,1
8,1,1484.5704531356178,32,1,16,15,2,1,3,29,24,1,1
8,1,1744.247771161593,33,1,1,2,1,1,2,2,2,1,1
8,2,1221.319650071889,34,1,9,7,1,3,1,12,12,1,1
8,2,1426.9419406420777,35,1,26,27,1,2,3,38,38,1,1
8,2,1121.3543723383423,36,1,11,30,2,2,3,13,40,1,1
8,2,1169.891087061444,37,1,6,4,1,3,1,4,4,1,1
8,2,1144.4864222745498,38,1,14,10,2,2,1,24,13,1,1
8,2,2239.180677536919,39,1,22,24,1,1,3,34,34,1,1
8,1,1934.3654054585859,40,1,19,17,2,1,2,32,29,1,1
8,2,1204.511631168789,41,3,89,70,2,2,1,36,16,1,1
8,1,1427.660761928396,42,3,85,86,1,1,2,23,23,1,1
8,2,1424.919419162154,43,3,75,61,2,3,1,18,3,1,1
8,1,1117.7813048714515,44,3,64,65,1,1,2,9,9,1,1
8,1,1163.9183202570402,45,3,84,73,2,3,1,22,18,1,1
8,1,1611.3512104308393,46,3,63,83,2,3,2,3,22,1,1
8,1,1402.3844135482213,47,3,68,67,1,2,1,10,10,1,1
8,1,834.528007653897,48,3,76,77,1,1,2,19,19,1,1
8,2,2517.042474086457,49,3,79,81,1,1,3,21,21,1,1
8,1,1217.44941480104,50,3,71,88,2,2,1,16,36,1,1
8,1,1415.795879306071,51,1,23,24,1,2,3,34,34,1,1
8,2,1096.200140831882,52,1,18,17,1,3,2,29,29,1,1
8,2,1889.2287987813825,53,1,15,14,1,3,2,24,24,1,1
8,1,1250.528755079282,54,1,10,3,2,1,3,13,2,1,1
8,2,1346.8151409101865,55,1,20,25,2,2,1,32,38,1,1
8,1,1393.2488927842826,56,1,28,12,2,1,3,40,13,1,1
8,2,1484.078464206586,57,1,4,5,1,1,2,4,4,1,1
8,1,1001.9287354248911,58,1,26,21,2,2,3,38,32,1,1
8,2,1403.419273091834,59,1,9,7,1,3,1,12,12,1,1
8,2,1279.1801490419111,60,1,1,29,2,1,2,2,40,1,1
8,1,1392.1752784745067,61,4,109,110,1,1,2,28,28,1,1
8,2,954.1690477006769,62,4,120,118,1,3,1,35,35,1,1
8,2,1208.0079391176462,63,4,92,114,2,2,3,1,30,1,1
8,1,1628.478115478146,64,4,94,92,2,1,2,6,1,1,1
8,2,1127.1762991005896,65,4,100,108,2,1,3,14,25,1,1
8,2,921.0162267862769,66,4,113,102,2,2,3,30,14,1,1
8,1,984.7807281276288,67,4,99,97,1,3,1,7,7,1,1
8,1,1532.1767651927623,68,4,105,104,1,3,2,15,15,1,1
8,1,1556.7479512509674,69,4,115,116,1,1,2,31,31,1,1
8,2,1360.9125007204248,70,4,107,94,2,2,1,25,6,1,1
8,2,995.5829206679208,71,2,36,55,2,3,1,8,37,1,1
8,2,1146.465890456828,72,2,51,38,2,3,2,27,11,1,1
8,2,920.6999742792004,73,2,43,45,1,1,3,20,20,1,1
8,2,1400.7896148650632,74,2,32,33,1,2,3,5,5,1,1
8,2,1152.3092439024317,75,2,52,53,1,1,2,33,33,1,1
8,2,703.4185501232018,76,2,60,35,2,3,2,39,8,1,1
8,1,1037.1087389075574,77,2,40,42,1,1,3,17,17,1,1
8,1,1229.3963669147206,78,2,47,46,1,2,1,26,26,1,1
8,2,1116.38281813968,79,2,56,51,2,2,3,37,27,1,1
8,1,1138.3389196551893,80,2,37,59,2,1,2,11,39,1,1
9,1,640.4838307951434,1,2,57,58,2,3,1,37,39,1,1
9,2,979.9777139406774,2,2,34,42,2,1,3,8,17,1,1
9,1,791.2544973356073,3,2,41,46,2,2,1,17,26,1,1
9,1,1449.2667300626729,4,2,44,43,1,2,1,20,20,1,1
9,2,905.6303535124312,5,2,37,38,1,1,2,11,11,1,1
9,1,1137.4205951904096,6,2,31,33,1,1,3,5,5,1,1
9,2,1064.3991858851693,7,2,51,49,1,3,1,27,27,1,1
9,2,992.4942332085623,8,2,47,55,2,2,1,26,37,1,1
9,2,1360.4674016501272,9,2,60,35,2,3,2,39,8,1,1
9,2,838.202228543056,10,2,52,53,1,1,2,33,33,1,1
9,1,896.6857947009194,11,4,104,108,2,2,3,15,25,1,1
9,1,1242.0985929634467,12,4,120,101,2,3,2,35,14,1,1
9,1,1651.1521861385158,13,4,94,95,1,1,2,6,6,1,1
9,2,1076.247087621407,14,4,92,91,1,2,1,1,1,1,1
9,2,733.7723236134559,15,4,113,114,1,2,3,30,30,1,1
9,2,673.737873941976,16,4,97,99,1,1,3,7,7,1,1
9,2,908.7094055922774,17,4,100,120,2,1,3,14,35,1,1
9,2,943.8726137139544,18,4,109,111,1,1,3,28,28,1,1
9,2,907.0986052764058,19,4,108,115,2,3,1,25,31,1,1
9,1,1493.1332536044933,20,4,117,103,2,3,1,31,15,1,1
9,2,887.2589416273955,21,3,77,63,2,2,3,19,3,1,1
9,1,672.5638556177241,22,3,72,70,1,3,1,16,16,1,1
9,2,1073.816221242972,23,3,64,65,1,1,2,9,9,1,1
9,2,1258.7678792922782,24,3,84,85,2,3,1,22,23,1,1
9,2,968.546947170234,25,3,69,68,1,3,2,10,10,1,1
9,2,944.4089312848865,26,3,79,77,2,1,2,21,19,1,1
9,2,618.5896971116167,27,3,89,90,1,2,3,36,36,1,1
9,2,948.2574940508268,28,3,61,83,2,1,2,3,22,1,1
9,2,704.8414192074082,29,3,86,79,2,2,1,23,21,1,1
9,2,788.1086926195742,30,3,73,75,1,1,3,18,18,1,1
9,2,956.9311888008426,31,1,15,29,2,3,2,24,40,1,1
9,2,910.3459156664824,32,1,7,9,1,1,3,12,12,1,1
9,2,696.768782736623,33,1,21,2,2,3,2,32,2,1,1
9,1,1084.5071755331455,34,1,25,26,1,1,2,38,38,1,1
9,1,1228.888181521875,35,1,18,17,1,3,2,29,29,1,1
9,2,899.2836972250947,36,1,23,15,2,2,3,34,24,1,1
9,1,1403.4113007862086,37,1,11,10,1,2,1,13,13,1,1
9,2,1157.7812700835293,38,1,4,6,1,1,3,4,4,1,1
9,2,614.6711178877968,39,1,29,19,2,2,1,40,32,1,1
9,1,1100.0894342596457,40,1,1,23,2,1,2,2,34,1,1
9,1,1112.681841742605,41,3,80,81,1,2,3,21,21,1,1
9,2,1074.985846901838,42,3,84,83,1,3,2,22,22,1,1
9,2,977.7523013508502,43,3,70,90,2,1,3,16,36,1,1
9,1,630.9199899741027,44,3,61,75,2,1,3,3,18,1,1
9,1,1087.2030078109472,45,3,89,64,2,2,1,36,9,1,1
9,2,660.1590359071819,46,3,85,86,1,1,2,23,23,1,1
9,1,716.0663759457063,47,3,69,68,1,3,2,10,10,1,1
9,2,1145.7558801034086,48,3,76,77,1,1,2,19,19,1,1
9,1,848.3615761417361,49,3,65,63,2,2,3,9,3,1,1
9,1,855.5115169322239,50,3,75,71,2,3,2,18,16,1,1
9,2,841.2606605735721,51,4,95,96,1,2,3,6,6,1,1
9,1,772.2031530296867,52,4,93,92,1,3,2,1,1,1,1
9,2,766.2307860082996,53,4,115,117,1,1,3,31,31,1,1
9,2,858.5599649135715,54,4,106,108,1,1,3,25,25,1,1
9,2,1831.7978392283533,55,4,98,118,2,2,1,7,35,1,1
9,1,1031.7399576512348,56,4,100,102,1,1,3,14,14,1,1
9,1,859.5966978032529,57,4,114,110,2,3,2,30,28,1,1
9,2,798.0641161219398,58,4,103,114,2,1,3,15,30,1,1
9,2,1337.1746477005686,59,4,119,103,2,2,1,35,15,1,1
9,2,741.524735480531,60,4,111,98,2,3,2,28,7,1,1
9,1,843.4626841555258,61,1,27,25,1,3,1,38,38,1,1
9,1,987.9480981591726,62,1,12,11,1,3,2,13,13,1,1
9,2,1337.4441152355193,63,1,21,20,1,3,2,32,32,1,1
9,1,718.154873745688,64,1,1,24,2,1,3,2,34,1,1
9,1,934.2722765880859,65,1,4,6,1,1,3,4,4,1,1
9,1,1043.4646260956815,66,1,28,18,2,1,3,40,29,1,1
9,1,818.8218919168708,68,1,8,9,1,2,3,12,12,1,1
9,2,911.0055114891543,69,1,16,14,2,1,2,29,24,1,1
9,1,770.4461304579631,71,2,58,60,1,1,3,39,39,1,1
9,2,810.3873478921025,72,2,41,52,2,2,1,17,33,1,1
9,2,1031.0400054230251,73,2,34,57,2,1,3,8,37,1,1
9,2,1589.0782458345072,74,2,54,38,2,3,2,33,11,1,1
9,1,1081.9057772202482,75,2,51,49,1,3,1,27,27,1,1
9,1,1032.3070896219058,76,2,46,47,1,1,2,26,26,1,1
9,2,842.382085482358,77,2,38,36,2,2,3,11,8,1,1
9,1,919.1638247428632,78,2,56,40,2,2,1,37,17,1,1
9,2,958.2221145699767,79,2,45,44,1,3,2,20,20,1,1
9,1,878.865255608169,80,2,31,32,1,1,2,5,5,1,1
10,2,748.6607621058454,1,3,77,61,2,2,1,19,3,1,1
10,2,1057.740898329358,2,3,81,79,1,3,1,21,21,1,1
10,1,1045.3886741936049,3,3,63,64,2,3,1,3,9,1,1
10,2,990.4351731523813,4,3,66,76,2,3,1,9,19,1,1
10,2,882.4204692060566,5,3,85,83,2,1,2,23,22,1,1
10,1,941.12530504093,6,3,89,88,1,2,1,36,36,1,1
10,1,1135.301787629612,7,3,71,72,1,2,3,16,16,1,1
10,1,949.8610719862702,8,3,73,75,1,1,3,18,18,1,1
10,1,823.8734742985614,9,3,82,86,2,1,2,22,23,1,1
10,2,1103.2679852452254,11,4,116,117,1,2,3,31,31,1,1
10,1,935.1376927672354,12,4,111,110,1,3,2,28,28,1,1
10,1,993.4382250873533,13,4,92,93,1,2,3,1,1,1,1
10,1,829.3031079270381,14,4,106,108,1,1,3,25,25,1,1
10,2,828.9773813029683,15,4,112,120,2,1,3,30,35,1,1
10,1,950.1913042346765,16,4,119,112,2,2,1,35,30,1,1
10,1,729.6481972013177,17,4,97,102,2,1,3,7,14,1,1
10,2,899.8327569345266,18,4,103,105,1,1,3,15,15,1,1
10,2,725.245850362288,19,4,102,95,2,3,2,14,6,1,1
10,1,1028.6989676012777,20,4,96,97,2,3,1,6,7,1,1
10,2,823.7855361143984,21,1,4,5,1,1,2,4,4,1,1
10,2,845.0471132238,22,1,14,22,2,2,1,24,34,1,1
10,1,646.1909102830658,24,1,10,12,1,1,3,13,13,1,1
10,1,1062.1956947338522,25,1,2,3,1,2,3,2,2,1,1
10,2,771.2454814462762,26,1,9,13,2,3,1,12,24,1,1
10,1,928.0976966459812,27,1,28,29,1,1,2,40,40,1,1
10,2,784.1839369681513,28,1,17,16,1,2,1,29,29,1,1
10,2,796.7905668895689,29,1,27,20,2,3,2,38,32,1,1
10,1,813.781115778526,30,1,24,8,2,3,2,34,12,1,1
10,1,850.2795447399392,31,2,36,31,2,3,1,8,5,1,1
10,1,954.3909040307831,32,2,43,41,2,1,2,20,17,1,1
10,1,840.9688591120412,33,2,56,57,1,2,3,37,37,1,1
10,2,1029.2403156382475,34,2,53,34,2,2,1,33,8,1,1
10,2,881.2337799563261,35,2,58,60,1,1,3,39,39,1,1
10,2,906.4033842750732,36,2,46,47,1,1,2,26,26,1,1
10,2,983.9600750578898,37,2,38,37,1,2,1,11,11,1,1
10,1,720.5144645559751,38,2,33,52,2,3,1,5,33,1,1
10,1,772.8972256699919,39,2,42,43,2,3,1,17,20,1,1
10,1,787.1782048074149,40,2,49,50,1,1,2,27,27,1,1
10,1,942.424908090105,42,1,13,15,1,1,3,24,24,1,1
10,1,1188.4241534547282,43,1,20,16,2,2,1,32,29,1,1
10,2,1095.335138354916,44,1,16,8,2,1,2,29,12,1,1
10,1,1068.1525327712216,45,1,25,6,2,1,3,38,4,1,1
10,2,839.2408717914873,46,1,29,30,1,2,3,40,40,1,1
10,2,1010.0464334865502,47,1,22,24,1,1,3,34,34,1,1
10,2,897.4686792661113,48,1,5,21,2,2,3,4,32,1,1
10,1,702.4755744386772,49,1,3,2,1,3,2,2,2,1,1
10,2,1166.2767441780134,50,1,12,11,1,3,2,13,13,1,1
10,1,1024.184205112042,51,2,53,34,2,2,1,33,8,1,1
10,1,921.3963451235572,52,2,49,38,2,1,2,27,11,1,1
10,2,956.2460844626867,53,2,36,50,2,3,2,8,27,1,1
10,2,954.134205945619,54,2,31,32,1,1,2,5,5,1,1
10,2,804.2211082798415,55,2,58,59,1,1,2,39,39,1,1
10,2,1257.8192973874882,56,2,41,42,1,2,3,17,17,1,1
10,1,846.8880228310575,57,2,44,54,2,2,3,20,33,1,1
10,2,1084.9166233682847,58,2,39,44,2,3,2,11,20,1,1
10,1,773.8554056005803,59,2,55,57,1,1,3,37,37,1,1
10,2,807.8482839722155,60,2,48,46,1,3,1,26,26,1,1
10,2,860.98082219501,61,3,67,68,1,1,2,10,10,1,1
10,2,1000.4692103448376,62,3,88,90,1,1,3,36,36,1,1
10,1,814.4328792632293,63,3,87,86,1,3,2,23,23,1,1
10,2,1210.9825360463574,64,3,65,81,2,2,3,9,21,1,1
10,1,949.2384669282719,65,3,71,70,1,2,1,16,16,1,1
10,2,1106.5679710784339,66,3,61,65,2,1,2,3,9,1,1
10,1,1062.8976404602588,67,3,79,77,2,1,2,21,19,1,1
10,2,1242.8079406854827,68,3,84,61,2,3,1,22,3,1,1
10,1,1212.9834762492642,69,3,75,74,1,3,2,18,18,1,1
10,2,912.1574074629763,70,3,77,82,2,2,1,19,22,1,1
10,2,661.7741737894962,71,4,111,110,1,3,2,28,28,1,1
10,2,1341.0319329659212,72,4,112,114,1,1,3,30,30,1,1
10,1,1161.879972152034,73,4,119,120,1,2,3,35,35,1,1
10,2,593.326479450057,75,4,115,116,1,1,2,31,31,1,1
10,1,1071.7777655247562,76,4,105,94,2,3,1,15,6,1,1
10,2,1811.687623888629,77,4,101,108,2,2,3,14,25,1,1
10,1,1268.0369041363226,78,4,96,103,2,3,1,6,15,1,1
10,2,1385.9390122020163,79,4,92,93,1,2,3,1,1,1,1
10,2,1345.8646330141464,80,4,106,99,2,1,3,25,7,1,1
11,1,1021.8449278220319,1,2,53,58,2,2,1,33,39,1,1
11,1,818.8613553729826,2,2,42,41,1,3,2,17,17,1,1
11,1,1288.5687625570786,3,2,39,37,1,3,1,11,11,1,1
11,1,1038.947803628308,4,2,56,55,1,2,1,37,37,1,1
11,2,1565.3383113696198,5,2,43,50,2,1,2,20,27,1,1
11,1,837.6950633266423,6,2,49,36,2,1,3,27,8,1,1
11,2,819.8666371622903,7,2,36,44,2,3,2,8,20,1,1
11,2,1104.8876519638616,8,2,46,48,1,1,3,26,26,1,1
11,1,1253.0231659646245,9,2,58,53,2,1,2,39,33,1,1
11,2,2056.0211934161252,10,2,32,31,1,2,1,5,5,1,1
11,2,1317.878225445178,11,3,79,68,2,1,2,21,10,1,1
11,1,805.449175557822,12,3,64,66,1,1,3,9,9,1,1
11,1,1062.7942973945458,15,3,74,85,2,2,1,18,23,1,1
11,1,1574.4846209485258,16,3,69,80,2,3,2,10,21,1,1
11,1,1066.0390353940281,17,3,70,71,1,1,2,16,16,1,1
11,2,1345.7838986541371,18,3,84,74,2,3,2,22,18,1,1
11,2,822.9735256081948,19,3,86,84,2,2,3,23,22,1,1
11,1,1134.5443194073473,20,3,89,88,1,2,1,36,36,1,1
11,2,1351.7960924913102,21,4,102,100,1,3,1,14,14,1,1
11,2,908.371021396673,22,4,117,104,2,3,2,31,15,1,1
11,1,1556.8237521467147,23,4,95,94,1,2,1,6,6,1,1
11,1,860.1768332963882,24,4,98,99,1,2,3,7,7,1,1
11,2,1407.623003376464,25,4,111,119,2,3,2,28,35,1,1
11,1,1328.989000896776,26,4,112,111,2,1,3,30,28,1,1
11,2,1711.6282091771359,27,4,104,114,2,2,3,15,30,1,1
11,2,1092.4891481373568,28,4,106,108,1,1,3,25,25,1,1
11,1,1841.5598688631,29,4,118,116,2,1,2,35,31,1,1
11,2,1539.7265448034382,30,4,91,93,1,1,3,1,1,1,1
11,1,1186.0843908223294,31,3,79,81,1,1,3,21,21,1,1
11,1,1565.9720079908848,32,3,90,68,2,3,2,36,10,1,1
11,1,1221.6265055529352,33,3,67,87,2,1,3,10,23,1,1
11,2,1235.6239702476946,34,3,85,90,2,1,3,23,36,1,1
11,2,869.6954378335225,35,3,73,74,1,1,2,18,18,1,1
11,1,1276.9571459892118,36,3,65,70,2,2,1,9,16,1,1
11,1,1424.968008603403,37,3,71,64,2,2,1,16,9,1,1
11,2,964.5362955756027,38,3,83,82,1,2,1,22,22,1,1
11,1,810.5590042635051,39,3,78,76,1,3,1,19,19,1,1
11,1,1661.0586270439496,40,3,63,62,1,3,2,3,3,1,1
11,2,1058.1303934300179,41,2,45,35,2,3,2,20,8,1,1
11,2,1089.2866309027831,42,2,32,33,1,2,3,5,5,1,1
11,2,1264.960217061963,43,2,52,53,1,1,2,33,33,1,1
11,1,1825.8614975353591,44,2,41,40,1,2,1,17,17,1,1
11,2,1578.9958875440448,45,2,46,48,1,1,3,26,26,1,1
11,2,844.2584461298634,46,2,39,58,2,3,1,11,39,1,1
11,1,1166.0998790875326,47,2,55,38,2,1,2,37,11,1,1
11,2,939.011008053086,48,2,49,50,1,1,2,27,27,1,1
11,1,1027.3974975878791,49,2,36,43,2,3,1,8,20,1,1
11,1,875.6445470815181,50,2,59,55,2,2,1,39,37,1,1
11,1,924.5190788694267,51,1,13,30,2,1,3,24,40,1,1
11,2,1074.7132063628305,52,1,3,1,1,3,1,2,2,1,1
11,1,1080.5023909604404,53,1,9,19,2,3,1,12,32,1,1
11,2,877.7338102948092,54,1,25,27,1,1,3,38,38,1,1
11,1,906.5211011426325,55,1,16,18,1,1,3,29,29,1,1
11,2,832.9121642964196,56,1,29,22,2,2,1,40,34,1,1
11,1,893.9625598767338,57,1,10,12,1,1,3,13,13,1,1
11,2,1114.7055555979532,58,1,24,8,2,3,2,34,12,1,1
11,1,796.9136800541503,59,1,20,13,2,2,1,32,24,1,1
11,2,1042.798391836915,60,1,5,6,1,2,3,4,4,1,1
11,1,997.3568684985754,62,4,117,100,2,3,1,31,14,1,1
11,2,1309.2170154885666,63,4,94,108,2,1,3,6,25,1,1
11,1,1543.8416766655823,64,4,107,94,2,2,1,25,6,1,1
11,1,1352.2872586308429,65,4,113,112,1,2,1,30,30,1,1
11,2,1225.4432928491465,66,4,105,103,1,3,1,15,15,1,1
11,2,1393.4258035779571,67,4,97,98,1,1,2,7,7,1,1
11,1,1541.9726052273695,68,4,119,118,1,2,1,35,35,1,1
11,2,968.0841753290046,69,4,91,117,2,1,3,1,31,1,1
11,2,971.3760706944367,70,4,111,110,1,3,2,28,28,1,1
11,2,1106.1427914195165,71,1,24,13,2,3,1,34,24,1,1
11,1,1535.6271834749855,72,1,16,17,1,1,2,29,29,1,1
11,1,1051.4764342347978,73,1,11,12,1,2,3,13,13,1,1
11,2,1118.7462160834289,74,1,3,2,1,3,2,2,2,1,1
11,1,802.5250307961492,75,1,25,26,1,1,2,38,38,1,1
11,2,1086.6537389212995,76,1,15,8,2,3,2,24,12,1,1
11,2,722.0892703297884,77,1,19,23,2,1,2,32,34,1,1
11,2,847.2192694638384,78,1,29,30,1,2,3,40,40,1,1
11,2,586.0738920449224,79,1,5,19,2,2,1,4,32,1,1
11,2,678.0084808575255,80,1,7,5,2,1,2,12,4,1,1
12,1,989.8119661119093,2,3,68,69,1,2,3,10,10,1,1
12,2,945.6790701848836,3,3,90,89,1,3,2,36,36,1,1
12,2,898.1292749794861,4,3,81,83,2,3,2,21,22,1,1
12,2,1834.4233340510907,5,3,76,81,2,1,3,19,21,1,1
12,1,1023.3912208945266,6,3,71,75,2,2,3,16,18,1,1
12,1,915.2768466792634,7,3,73,78,2,1,3,18,19,1,1
12,2,986.6190865970179,8,3,84,71,2,3,2,22,16,1,1
12,2,842.6281503106724,9,3,65,64,1,2,1,9,9,1,1
12,1,711.9142806870011,10,3,85,87,1,1,3,23,23,1,1
12,1,963.004403065636,11,2,38,36,2,2,3,11,8,1,1
12,2,820.4379584164035,12,2,57,38,2,3,2,37,11,1,1
12,1,1019.7823805505527,13,2,31,56,2,1,2,5,37,1,1
12,2,570.953417869465,14,2,43,33,2,1,3,20,5,1,1
12,2,1159.5391220322567,15,2,54,52,1,3,1,33,33,1,1
12,2,1537.061941581502,16,2,42,40,1,3,1,17,17,1,1
12,1,1275.309522672229,17,2,50,51,1,2,3,27,27,1,1
12,2,924.6663553099576,18,2,58,59,1,1,2,39,39,1,1
12,2,1322.8774030636969,19,2,47,48,1,2,3,26,26,1,1
12,1,1559.6088240146346,20,2,34,45,2,1,3,8,20,1,1
12,2,1029.888151766635,21,1,13,14,1,1,2,24,24,1,1
12,2,793.5998596491472,22,1,27,2,2,3,2,38,2,1,1
12,1,1088.8451134029467,23,1,17,16,1,2,1,29,29,1,1
12,2,675.855520425362,24,1,8,7,1,2,1,12,12,1,1
12,2,1019.9499827610144,25,1,10,29,2,1,2,13,40,1,1
12,2,873.6256718603711,26,1,29,12,2,2,3,40,13,1,1
12,1,874.5350217269026,27,1,6,26,2,3,2,4,38,1,1
12,2,1076.2186466914673,28,1,1,6,2,1,3,2,4,1,1
12,1,1033.6986737241807,29,1,19,20,1,1,2,32,32,1,1
12,1,1108.2055356395042,30,1,24,22,1,3,1,34,34,1,1
12,2,1097.9942591828471,31,2,40,59,2,1,2,17,39,1,1
12,2,890.2345494256069,32,2,45,40,2,3,1,20,17,1,1
12,2,926.8184019713113,33,2,39,35,2,3,2,11,8,1,1
12,1,733.9278094434858,34,2,55,56,1,1,2,37,37,1,1
12,2,666.4880311131503,35,2,50,51,1,2,3,27,27,1,1
12,2,1207.227773680855,36,2,53,54,1,2,3,33,33,1,1
12,1,1499.8710240161404,37,2,36,43,2,3,1,8,20,1,1
12,2,1180.8503071416187,38,2,58,39,2,1,3,39,11,1,1
12,1,1167.055902075395,39,2,31,32,1,1,2,5,5,1,1
12,2,876.7944123770628,40,2,47,46,1,2,1,26,26,1,1
12,1,846.5582974066409,41,3,80,72,2,2,3,21,16,1,1
12,2,1329.811823858145,42,3,88,81,2,1,3,36,21,1,1
12,2,790.0762342391133,43,3,65,85,2,2,1,9,23,1,1
12,2,1192.1050789942426,44,3,84,83,1,3,2,22,22,1,1
12,2,1143.5341482352824,45,3,67,68,1,1,2,10,10,1,1
12,1,998.5440546795303,46,3,78,77,1,3,2,19,19,1,1
12,1,948.333218003439,47,3,73,74,1,1,2,18,18,1,1
12,2,977.4396866015521,49,3,72,89,2,3,2,16,36,1,1
12,2,1502.3946708433054,50,3,85,66,2,1,3,23,9,1,1
12,2,920.4454922480522,51,4,91,92,1,1,2,1,1,1,1
12,1,819.7147606850219,52,4,113,112,1,2,1,30,30,1,1
12,2,1068.3404744127952,53,4,111,110,1,3,2,28,28,1,1
12,2,1037.3431952263704,54,4,97,117,2,1,3,7,31,1,1
12,2,1156.1506598789767,55,4,104,103,1,2,1,15,15,1,1
12,1,1848.7977465425529,56,4,107,99,2,2,3,25,7,1,1
12,1,1167.1162884614407,57,4,94,119,2,1,2,6,35,1,1
12,1,838.2341383649505,59,4,120,107,2,3,2,35,25,1,1
12,1,994.0176126870468,60,4,102,101,1,3,2,14,14,1,1
12,1,894.4387772645084,61,1,8,9,1,2,3,12,12,1,1
12,2,1062.6525048498338,62,1,5,25,2,2,1,4,38,1,1
12,1,1061.1220919973207,63,1,12,10,1,3,1,13,13,1,1
12,2,823.5148139012186,64,1,27,17,2,3,2,38,29,1,1
12,1,1258.2811607292122,66,1,28,29,1,1,2,40,40,1,1
12,2,1619.2542568930432,67,1,22,21,2,1,3,34,32,1,1
12,2,687.0806668030906,68,1,1,2,1,1,2,2,2,1,1
12,2,638.0197307984373,69,1,15,14,1,3,2,24,24,1,1
12,1,1348.9936371448532,70,1,19,23,2,1,2,32,34,1,1
12,2,1322.0114786008187,71,4,101,108,2,2,3,14,25,1,1
12,1,1410.9853554985416,72,4,106,101,2,1,2,25,14,1,1
12,1,726.3690197325757,73,4,113,112,1,2,1,30,30,1,1
12,1,1233.4493412235602,74,4,118,120,1,1,3,35,35,1,1
12,2,981.7473354190968,75,4,115,117,1,1,3,31,31,1,1
12,2,937.0765961922061,76,4,111,95,2,3,2,28,6,1,1
12,1,945.6370057470275,77,4,94,98,2,1,2,6,7,1,1
12,1,914.0402953991993,78,4,93,91,1,3,1,1,1,1,1
12,2,668.6452530571676,79,4,98,109,2,2,1,7,28,1,1
12,1,792.754420622146,80,4,105,103,1,3,1,15,15,1,1
13,2,865.1119303153882,1,2,57,58,2,3,1,37,39,1,1
13,1,1088.6587368950225,2,2,34,42,2,1,3,8,17,1,1
13,2,965.4611114067604,3,2,41,46,2,2,1,17,26,1,1
13,1,760.8085888883,4,2,44,43,1,2,1,20,20,1,1
13,2,785.1778330763577,5,2,37,38,1,1,2,11,11,1,1
13,1,898.648361540352,6,2,31,33,1,1,3,5,5,1,1
13,2,1027.5508768592372,7,2,51,49,1,3,1,27,27,1,1
13,1,1054.846787038484,8,2,47,55,2,2,1,26,37,1,1
13,2,669.355853792119,9,2,60,35,2,3,2,39,8,1,1
13,1,880.6192383290063,10,2,52,53,1,1,2,33,33,1,1
13,1,1332.428880660706,11,4,104,108,2,2,3,15,25,1,1
13,2,1059.1441081658966,12,4,120,101,2,3,2,35,14,1,1
13,1,1122.941012082486,13,4,94,95,1,1,2,6,6,1,1
13,2,1062.6195244359492,14,4,92,91,1,2,1,1,1,1,1
13,2,1247.3372580438918,15,4,113,114,1,2,3,30,30,1,1
13,2,1182.278381347886,16,4,97,99,1,1,3,7,7,1,1
13,1,902.1403024028702,17,4,100,120,2,1,3,14,35,1,1
13,2,1289.905578509915,18,4,109,111,1,1,3,28,28,1,1
13,2,1015.0297852596952,19,4,108,115,2,3,1,25,31,1,1
13,2,786.4609800043223,20,4,117,103,2,3,1,31,15,1,1
13,1,959.7014180142394,21,3,77,63,2,2,3,19,3,1,1
13,1,843.1587116763583,22,3,72,70,1,3,1,16,16,1,1
13,1,792.1774834502592,23,3,64,65,1,1,2,9,9,1,1
13,2,2027.277924835253,24,3,84,85,2,3,1,22,23,1,1
13,1,859.3676175141072,25,3,69,68,1,3,2,10,10,1,1
13,2,977.0821689571699,26,3,79,77,2,1,2,21,19,1,1
13,1,798.1111282229454,27,3,89,90,1,2,3,36,36,1,1
13,1,736.7965080016443,28,3,61,83,2,1,2,3,22,1,1
13,2,1117.9480173361167,29,3,86,79,2,2,1,23,21,1,1
13,1,1420.207153432043,30,3,73,75,1,1,3,18,18,1,1
13,2,969.3280331812898,31,1,15,29,2,3,2,24,40,1,1
13,1,914.3548867379761,32,1,7,9,1,1,3,12,12,1,1
13,1,1459.4654358900798,33,1,21,2,2,3,2,32,2,1,1
13,2,1982.7398965332466,34,1,25,26,1,1,2,38,38,1,1
13,1,1032.893539047545,35,1,18,17,1,3,2,29,29,1,1
13,1,1435.9598413090218,36,1,23,15,2,2,3,34,24,1,1
13,2,1426.8395028886325,37,1,11,10,1,2,1,13,13,1,1
13,2,1288.0728893392552,38,1,4,6,1,1,3,4,4,1,1
13,1,1127.2935333272767,39,1,29,19,2,2,1,40,32,1,1
13,1,955.9108773892347,40,1,1,23,2,1,2,2,34,1,1
13,1,831.8144803564796,41,3,80,81,1,2,3,21,21,1,1
13,2,983.9197065447793,42,3,84,83,1,3,2,22,22,1,1
13,2,1428.6082771535443,43,3,70,90,2,1,3,16,36,1,1
13,1,964.6564565177205,44,3,61,75,2,1,3,3,18,1,1
13,1,1051.5163329085067,45,3,89,64,2,2,1,36,9,1,1
13,2,922.9636779992527,46,3,85,86,1,1,2,23,23,1,1
13,1,1222.1367039951215,47,3,69,68,1,3,2,10,10,1,1
13,1,1305.5790494484554,48,3,76,77,1,1,2,19,19,1,1
13,1,937.9105884854198,49,3,65,63,2,2,3,9,3,1,1
13,2,1274.5239055871257,50,3,75,71,2,3,2,18,16,1,1
13,2,940.080053764407,51,4,95,96,1,2,3,6,6,1,1
13,2,1147.4675061514788,52,4,93,92,1,3,2,1,1,1,1
13,1,1209.4214821065038,53,4,115,117,1,1,3,31,31,1,1
13,1,906.1625530743005,54,4,106,108,1,1,3,25,25,1,1
13,1,1038.9884784887258,55,4,98,118,2,2,1,7,35,1,1
13,1,1149.1701337912277,56,4,100,102,1,1,3,14,14,1,1
13,2,842.2968635664815,57,4,114,110,2,3,2,30,28,1,1
13,2,827.2862017126452,58,4,103,114,2,1,3,15,30,1,1
13,1,1000.0249441562203,59,4,119,103,2,2,1,35,15,1,1
13,2,1108.5713390019705,60,4,111,98,2,3,2,28,7,1,1
13,2,1071.7624225073873,61,1,27,25,1,3,1,38,38,1,1
13,1,899.9370661561975,62,1,12,11,1,3,2,13,13,1,1
13,1,982.83028480415,63,1,21,20,1,3,2,32,32,1,1
13,2,873.2650295229798,64,1,1,24,2,1,3,2,34,1,1
13,2,1311.1762987291359,65,1,4,6,1,1,3,4,4,1,1
13,1,782.7483057639048,66,1,28,18,2,1,3,40,29,1,1
13,1,1053.017870950773,67,1,23,1,2,2,1,34,2,1,1
13,2,997.9431421973941,68,1,8,9,1,2,3,12,12,1,1
13,1,805.4893973622513,69,1,16,14,2,1,2,29,24,1,1
13,2,809.8723023690661,70,1,14,30,2,2,3,24,40,1,1
13,2,788.0766811572939,71,2,58,60,1,1,3,39,39,1,1
13,1,1472.6114400905055,72,2,41,52,2,2,1,17,33,1,1
13,2,1081.6668757889252,73,2,34,57,2,1,3,8,37,1,1
13,1,953.3992623323488,74,2,54,38,2,3,2,33,11,1,1
13,1,803.1955228846084,75,2,51,49,1,3,1,27,27,1,1
13,2,1474.0035084652818,76,2,46,47,1,1,2,26,26,1,1
13,2,862.4029805421509,77,2,38,36,2,2,3,11,8,1,1
13,1,866.0637030552956,78,2,56,40,2,2,1,37,17,1,1
13,1,894.5848718593227,79,2,45,44,1,3,2,20,20,1,1
13,1,1499.639595887351,80,2,31,32,1,1,2,5,5,1,1
14,1,1060.7614578289854,1,4,112,92,2,1,2,30,1,1,1
14,2,1239.4180485706017,3,4,108,106,1,3,1,25,25,1,1
14,2,1126.027538857203,4,4,120,118,1,3,1,35,35,1,1
14,2,933.6521365255526,5,4,95,96,1,2,3,6,6,1,1
14,1,1576.5596576055054,6,4,115,117,1,1,3,31,31,1,1
14,2,942.0215948312737,7,4,102,109,2,3,1,14,28,1,1
14,1,987.126432837238,9,4,103,104,1,1,2,15,15,1,1
14,2,1100.3681938938182,10,4,91,99,2,1,3,1,7,1,1
14,1,1114.7604212041388,11,1,30,2,2,3,2,40,2,1,1
14,1,653.5208103025501,13,1,13,8,2,1,2,24,12,1,1
14,1,1434.5494856717569,14,1,23,24,1,2,3,34,34,1,1
14,2,663.661925706464,15,1,17,18,1,2,3,29,29,1,1
14,2,807.8217906773839,16,1,8,4,2,2,1,12,4,1,1
14,1,1000.4327995848704,17,1,4,14,2,1,2,4,24,1,1
14,2,1191.0615253262952,18,1,3,29,2,3,2,2,40,1,1
14,1,833.2626055918024,19,1,21,20,1,3,2,32,32,1,1
14,2,611.0612434359775,20,1,25,26,1,1,2,38,38,1,1
14,2,1143.697599797425,21,2,31,32,1,1,2,5,5,1,1
14,2,962.4476229907029,22,2,41,42,1,2,3,17,17,1,1
14,2,892.3387390650746,23,2,60,52,2,3,1,39,33,1,1
14,1,753.2894348818954,24,2,49,51,1,1,3,27,27,1,1
14,2,1057.7596969930578,25,2,53,57,2,2,3,33,37,1,1
14,2,1180.039547853414,26,2,57,43,2,3,1,37,20,1,1
14,1,1166.8219121193579,27,2,46,59,2,1,2,26,39,1,1
14,2,1685.7191399711523,28,2,44,48,2,2,3,20,26,1,1
14,1,1198.1391795286636,29,2,34,36,1,1,3,8,8,1,1
14,2,828.8978971110525,30,2,39,38,1,3,2,11,11,1,1
14,2,1401.2861868616337,31,3,90,68,2,3,2,36,10,1,1
14,2,773.1223168247056,32,3,73,75,1,1,3,18,18,1,1
14,1,703.3982388525744,33,3,62,78,2,2,3,3,19,1,1
14,2,779.482693569066,34,3,85,86,1,1,2,23,23,1,1
14,1,997.7792033000773,35,3,69,71,2,3,2,10,16,1,1
14,1,783.3270275335185,36,3,76,63,2,1,3,19,3,1,1
14,2,719.2844374855783,37,3,83,82,1,2,1,22,22,1,1
14,1,896.4450954156162,38,3,80,79,1,2,1,21,21,1,1
14,1,1425.1416065551239,39,3,66,65,1,3,2,9,9,1,1
14,2,1543.5314001545844,40,3,70,89,2,1,2,16,36,1,1
14,2,831.0874871647288,41,4,109,105,2,1,3,28,15,1,1
14,1,1039.0288896518123,42,4,101,102,1,2,3,14,14,1,1
14,2,1601.3689580214784,43,4,112,110,2,1,2,30,28,1,1
14,1,1259.6663506601167,44,4,117,115,1,3,1,31,31,1,1
14,1,1009.7089926091267,45,4,97,98,1,1,2,7,7,1,1
14,1,1011.4017084875906,46,4,106,93,2,1,3,25,1,1,1
14,2,715.4130292486202,47,4,104,108,2,2,3,15,25,1,1
14,2,718.2838305697841,48,4,96,95,1,3,2,6,6,1,1
14,1,916.1916414740224,49,4,120,119,1,3,2,35,35,1,1
14,1,1055.5031895095385,50,4,92,112,2,2,1,1,30,1,1
14,1,1016.7421061229323,51,2,51,37,2,3,1,27,11,1,1
14,2,1189.4981649478327,52,2,41,42,1,2,3,17,17,1,1
14,2,1109.5895673382659,53,2,46,47,1,1,2,26,26,1,1
14,2,794.8261623717344,54,2,32,33,1,2,3,5,5,1,1
14,1,1002.4942412087335,55,2,37,36,2,1,3,11,8,1,1
14,1,981.8284970787217,56,2,45,43,1,3,1,20,20,1,1
14,1,1111.4593484689965,57,2,52,59,2,1,2,33,39,1,1
14,1,1638.8764852949976,58,2,55,56,1,1,2,37,37,1,1
14,2,1080.334946487402,59,2,60,53,2,3,2,39,33,1,1
14,2,1535.5226883992427,60,2,35,49,2,2,1,8,27,1,1
14,1,1340.7174535226443,61,3,70,80,2,1,2,16,21,1,1
14,1,819.80202553933,62,3,86,87,1,2,3,23,23,1,1
14,2,1615.9938833775993,63,3,69,83,2,3,2,10,22,1,1
14,1,1105.6309632110833,64,3,81,70,2,3,1,21,16,1,1
14,2,1892.0245529800613,65,3,66,65,1,3,2,9,9,1,1
14,2,826.595005200051,66,3,77,67,2,2,1,19,10,1,1
14,2,1628.8223531635695,67,3,61,62,1,1,2,3,3,1,1
14,2,804.4800874360631,68,3,83,78,2,2,3,22,19,1,1
14,1,1044.4346353801036,69,3,73,75,1,1,3,18,18,1,1
14,2,1139.65044338575,70,3,88,90,1,1,3,36,36,1,1
14,1,649.2106922686709,71,1,6,4,1,3,1,4,4,1,1
14,1,1049.716696723273,72,1,10,12,1,1,3,13,13,1,1
14,2,853.7144620166723,73,1,7,9,1,1,3,12,12,1,1
14,1,732.282008056344,74,1,24,28,2,3,1,34,40,1,1
14,1,856.6811758297204,75,1,16,27,2,1,3,29,38,1,1
14,1,710.8290750005519,76,1,25,14,2,1,2,38,24,1,1
14,2,904.9469944796333,77,1,30,17,2,3,2,40,29,1,1
14,2,825.2048430478319,78,1,2,3,1,2,3,2,2,1,1
14,2,838.5294270362584,79,1,20,19,1,2,1,32,32,1,1
14,2,1062.5336111068877,80,1,14,22,2,2,1,24,34,1,1
15,1,1069.4621992068242,1,4,109,110,1,1,2,28,28,1,1
15,2,1154.8983594113001,2,4,99,118,2,3,1,7,35,1,1
15,1,992.1112347879882,3,4,93,95,2,3,2,1,6,1,1
15,1,1122.2663874582342,4,4,104,105,1,2,3,15,15,1,1
15,2,1377.2388142778586,5,4,113,114,1,2,3,30,30,1,1
15,2,874.7073638484312,6,4,116,115,1,2,1,31,31,1,1
15,1,793.2331791806116,7,4,108,97,2,3,1,25,7,1,1
15,1,826.4949272161371,8,4,100,102,1,1,3,14,14,1,1
15,1,1041.0374924303646,9,4,118,107,2,1,2,35,25,1,1
15,2,1059.2079629938075,10,4,94,92,2,1,2,6,1,1,1
15,1,1033.0395126593999,11,3,88,89,1,1,2,36,36,1,1
15,1,1125.4643823466286,12,3,61,63,1,1,3,3,3,1,1
15,1,1291.8518159322534,13,3,77,81,2,2,3,19,21,1,1
15,1,1024.5295964316836,14,3,81,67,2,3,1,21,10,1,1
15,2,1027.6783787278828,15,3,74,64,2,2,1,18,9,1,1
15,1,930.2421565221425,16,3,82,83,1,1,2,22,22,1,1
15,1,899.775913921476,17,3,67,77,2,1,2,10,19,1,1
15,1,831.1046730165326,18,3,71,72,1,2,3,16,16,1,1
15,2,672.2038184130913,19,3,87,85,1,3,1,23,23,1,1
15,2,1410.1637175800663,20,3,66,74,2,3,2,9,18,1,1
15,2,1095.5739547970181,21,4,106,105,2,1,3,25,15,1,1
15,1,941.3687425670066,22,4,117,118,2,3,1,31,35,1,1
15,2,948.0993916949215,23,4,100,102,1,1,3,14,14,1,1
15,1,897.6872553563212,24,4,92,91,1,2,1,1,1,1,1
15,2,1138.0814400620727,25,4,98,106,2,2,1,7,25,1,1
15,1,859.4917124330933,26,4,114,113,1,3,2,30,30,1,1
15,1,778.6795589648301,27,4,120,98,2,3,2,35,7,1,1
15,1,1485.0470933135716,28,4,104,117,2,2,3,15,31,1,1
15,1,1095.9129223148643,29,4,94,96,1,1,3,6,6,1,1
15,2,882.6265836449754,30,4,109,111,1,1,3,28,28,1,1
15,1,818.5693914420547,31,3,88,89,1,1,2,36,36,1,1
15,1,1084.971634410545,32,3,63,70,2,3,1,3,16,1,1
15,1,1094.2625106607816,33,3,64,66,1,1,3,9,9,1,1
15,2,709.3744203427993,34,3,83,81,2,2,3,22,21,1,1
15,2,1398.4025012572868,35,3,86,87,1,2,3,23,23,1,1
15,2,1528.7126676681125,36,3,71,84,2,2,3,16,22,1,1
15,1,1094.6162915988625,37,3,75,74,1,3,2,18,18,1,1
15,2,940.3407658238984,38,3,76,63,2,1,3,19,3,1,1
15,2,950.5650078346991,39,3,81,77,2,3,2,21,19,1,1
15,1,1116.1785250206037,40,3,67,68,1,1,2,10,10,1,1
15,2,827.0269549844999,41,2,47,31,2,2,1,26,5,1,1
15,1,1547.9483524791956,42,2,38,37,1,2,1,11,11,1,1
15,1,985.1434896546102,43,2,55,42,2,1,3,37,17,1,1
15,2,1407.7633141493038,44,2,40,56,2,1,2,17,37,1,1
15,1,586.9958836735626,45,2,31,36,2,1,3,5,8,1,1
15,2,789.7915544626771,46,2,60,59,1,3,2,39,39,1,1
15,2,1013.2544479649937,47,2,54,53,1,3,2,33,33,1,1
15,2,946.6109274223769,48,2,35,46,2,2,1,8,26,1,1
15,1,986.5291048680206,49,2,43,44,1,1,2,20,20,1,1
15,1,956.3849406894475,50,2,51,50,1,3,2,27,27,1,1
15,2,1146.9095016269257,52,1,18,16,1,3,1,29,29,1,1
15,2,861.7801461615802,53,1,29,9,2,2,3,40,12,1,1
15,2,1402.5558755124825,54,1,27,25,1,3,1,38,38,1,1
15,2,947.9182880377692,55,1,19,21,1,1,3,32,32,1,1
15,1,739.9624828954858,56,1,12,5,2,3,2,13,4,1,1
15,1,1525.6125679198894,57,1,2,1,1,2,1,2,2,1,1
15,2,1361.0928101370753,58,1,22,24,1,1,3,34,34,1,1
15,1,1476.3497245299595,59,1,14,30,2,2,3,24,40,1,1
15,2,1974.3154962407607,60,1,7,14,2,1,2,12,24,1,1
15,1,1242.8712595878173,61,2,37,57,2,1,3,11,37,1,1
15,1,969.290458164051,62,2,32,31,1,2,1,5,5,1,1
15,1,1354.1554634064728,63,2,40,42,1,1,3,17,17,1,1
15,2,697.5157748847148,64,2,53,48,2,2,3,33,26,1,1
15,2,1002.9960642521876,65,2,48,49,2,3,1,26,27,1,1
15,1,709.679390361714,66,2,55,54,2,1,3,37,33,1,1
15,1,832.6997996126254,67,2,59,58,1,2,1,39,39,1,1
15,2,1070.2690924180274,68,2,51,37,2,3,1,27,11,1,1
15,2,887.7345603980357,69,2,34,36,1,1,3,8,8,1,1
15,2,1048.765539933326,70,2,45,43,1,3,1,20,20,1,1
15,1,1309.8753553187366,71,1,1,2,1,1,2,2,2,1,1
15,1,991.2530015351547,72,1,28,30,1,1,3,40,40,1,1
15,2,959.7925860618975,73,1,8,4,2,2,1,12,4,1,1
15,2,1414.9145221110114,74,1,26,27,1,2,3,38,38,1,1
15,2,880.3012301438009,75,1,10,15,2,1,3,13,24,1,1
15,2,1178.9169516187658,76,1,18,17,1,3,2,29,29,1,1
15,1,782.3147505727039,77,1,20,21,1,2,3,32,32,1,1
15,1,871.6648626428796,78,1,15,8,2,3,2,24,12,1,1
15,2,914.309077694561,79,1,4,23,2,1,2,4,34,1,1
15,2,1177.4789273776787,80,1,24,11,2,3,2,34,13,1,1
16,1,1000.6507147122368,4,2,32,51,2,2,3,5,27,1,1
16,2,1097.412173165169,5,2,55,32,2,1,2,37,5,1,1
16,2,1169.822947191873,6,2,47,36,2,2,3,26,8,1,1
16,2,1107.2272195979845,7,2,41,40,1,2,1,17,17,1,1
16,2,1448.4303280618662,8,2,34,48,2,1,3,8,26,1,1
16,1,1628.0028341760053,9,2,51,56,2,3,2,27,37,1,1
16,2,1266.990830568548,10,2,58,60,1,1,3,39,39,1,1
16,2,1528.783800124214,13,4,92,91,1,2,1,1,1,1,1
16,2,1244.401849181372,14,4,103,104,1,1,2,15,15,1,1
16,1,2175.256606690953,15,4,100,101,1,1,2,14,14,1,1
16,2,1335.324198253119,17,4,119,115,2,2,1,35,31,1,1
16,1,999.9796619919327,18,4,117,119,2,3,2,31,35,1,1
16,1,1303.3572366779104,19,4,108,107,1,3,2,25,25,1,1
16,1,1464.724274038455,20,4,98,94,2,2,1,7,6,1,1
16,2,1652.410812526193,21,1,19,29,2,1,2,32,40,1,1
16,1,1153.2034823533695,22,1,14,13,1,2,1,24,24,1,1
16,2,960.2243183143894,23,1,7,9,1,1,3,12,12,1,1
16,2,1431.6830800472328,25,1,11,19,2,2,1,13,32,1,1
16,1,1171.5186280844935,26,1,29,18,2,2,3,40,29,1,1
16,2,973.9366713502368,27,1,3,2,1,3,2,2,2,1,1
16,1,1537.3574894091562,28,1,25,27,1,1,3,38,38,1,1
16,2,1340.5006522430285,29,1,24,10,2,3,1,34,13,1,1
16,2,1140.475080113887,30,1,18,22,2,3,1,29,34,1,1
16,1,1162.9984266554736,31,4,114,92,2,3,2,30,1,1,1
16,1,1004.1058172097794,32,4,111,110,1,3,2,28,28,1,1
16,1,1241.9182656574508,33,4,98,99,1,2,3,7,7,1,1
16,2,1039.2694616901392,34,4,94,116,2,1,2,6,31,1,1
16,2,1851.6820298682956,35,4,115,119,2,1,2,31,35,1,1
16,1,1962.9039986923235,36,4,119,96,2,2,3,35,6,1,1
16,1,1444.054891376987,37,4,102,100,1,3,1,14,14,1,1
16,2,1411.927443510821,38,4,104,103,1,2,1,15,15,1,1
16,2,2278.9458817088744,39,4,91,113,2,1,2,1,30,1,1
16,1,1319.208741135441,40,4,106,108,1,1,3,25,25,1,1
16,2,1490.6129330578601,41,3,71,87,2,2,3,16,23,1,1
16,1,1532.2998604793945,42,3,68,69,1,2,3,10,10,1,1
16,2,1482.3896091046415,43,3,75,73,1,3,1,18,18,1,1
16,2,3080.6314577471003,44,3,76,71,2,1,2,19,16,1,1
16,1,1485.9012694192247,45,3,82,83,1,1,2,22,22,1,1
16,1,1497.7763185250965,46,3,66,80,2,3,2,9,21,1,1
16,2,1171.1903020738828,47,3,88,89,1,1,2,36,36,1,1
16,1,1581.5156710792107,48,3,61,62,1,1,2,3,3,1,1
16,1,1282.7280513033222,49,3,80,66,2,2,3,21,9,1,1
16,2,1197.7833976929903,50,3,87,76,2,3,1,23,19,1,1
16,2,1518.8406427430605,51,1,30,28,1,3,1,40,40,1,1
16,1,787.4118619054277,52,1,27,2,2,3,2,38,2,1,1
16,1,1181.3026046650502,53,1,17,16,1,2,1,29,29,1,1
16,2,1657.0448025966725,54,1,1,11,2,1,2,2,13,1,1
16,1,1403.7106787952832,55,1,7,26,2,1,2,12,38,1,1
16,2,961.3692362633192,56,1,12,4,2,3,1,13,4,1,1
16,2,1061.6751798541204,57,1,14,15,1,2,3,24,24,1,1
16,1,2698.810388965515,58,1,22,24,1,1,3,34,34,1,1
16,2,1290.3168969932308,59,1,20,19,1,2,1,32,32,1,1
16,2,1101.2203043255595,60,1,4,9,2,1,3,4,12,1,1
16,2,1313.9566911872987,61,3,63,62,1,3,2,3,3,1,1
16,1,1420.2430539132974,62,3,83,82,1,2,1,22,22,1,1
16,1,921.2742453345318,63,3,88,74,2,1,2,36,18,1,1
16,2,1455.9826111412021,64,3,74,64,2,2,1,18,9,1,1
16,2,1070.4395397764752,65,3,67,90,2,1,3,10,36,1,1
16,1,1035.905516518912,66,3,72,71,1,3,2,16,16,1,1
16,2,1131.1608553477818,67,3,64,78,2,1,3,9,19,1,1
16,2,1400.506428284795,68,3,81,80,1,3,2,21,21,1,1
16,1,1050.7296882769606,69,3,86,87,1,2,3,23,23,1,1
16,2,2799.0190798849785,70,3,76,68,2,1,2,19,10,1,1
16,2,1026.4647638045587,71,2,40,41,1,1,2,17,17,1,1
16,1,1613.424150118897,72,2,60,47,2,3,2,39,26,1,1
16,2,1078.0864265019234,73,2,47,55,2,2,1,26,37,1,1
16,1,1804.719306437646,74,2,36,52,2,3,1,8,33,1,1
16,2,1011.497968208955,75,2,55,35,2,1,2,37,8,1,1
16,2,1153.4142234702895,76,2,51,49,1,3,1,27,27,1,1
16,1,1584.2680181270744,77,2,53,60,2,2,3,33,39,1,1
16,2,2395.6358502468684,78,2,43,44,1,1,2,20,20,1,1
16,1,917.3462272442389,79,2,37,39,1,1,3,11,11,1,1
16,2,1126.1723413703915,80,2,32,31,1,2,1,5,5,1,1
18,1,915.2449592146659,3,1,30,22,2,3,1,40,34,1,1
18,1,768.8872332331747,4,1,3,29,2,3,2,2,40,1,1
18,1,883.7464583429831,5,1,11,12,1,2,3,13,13,1,1
18,2,1120.203527529834,6,1,20,27,2,2,3,32,38,1,1
18,2,1310.6577443424153,7,1,14,15,1,2,3,24,24,1,1
18,2,739.4432041279942,8,1,27,1,2,3,1,38,2,1,1
18,1,1074.0880993091532,9,1,4,5,1,1,2,4,4,1,1
18,1,726.3310775419847,10,1,22,20,2,1,2,34,32,1,1
18,1,869.8740609410073,11,2,53,45,2,2,3,33,20,1,1
18,2,697.899013276538,12,2,41,40,1,2,1,17,17,1,1
18,2,1047.8471179416272,13,2,36,35,1,3,2,8,8,1,1
18,2,836.3610831890578,14,2,55,56,1,1,2,37,37,1,1
18,1,743.6635532485409,15,2,32,54,2,2,3,5,33,1,1
18,2,821.6693898393868,16,2,39,49,2,3,1,11,27,1,1
18,2,1020.9624382471578,17,2,46,48,1,1,3,26,26,1,1
18,1,697.6423659726577,18,2,45,37,2,3,1,20,11,1,1
18,1,1002.5592634565801,19,2,58,60,1,1,3,39,39,1,1
18,1,683.4274845199789,20,2,49,33,2,1,3,27,5,1,1
18,1,918.7681188977672,21,3,61,62,1,1,2,3,3,1,1
18,1,866.957643811236,22,3,86,76,2,2,1,23,19,1,1
18,2,859.426671920653,23,3,81,85,2,3,1,21,23,1,1
18,2,836.6731128971164,24,3,84,82,1,3,1,22,22,1,1
18,2,762.9673047963399,25,3,89,88,1,2,1,36,36,1,1
18,2,882.6127238796541,26,3,67,68,1,1,2,10,10,1,1
18,1,1165.9637949231087,27,3,77,81,2,2,3,19,21,1,1
18,2,825.5796059873139,28,3,73,71,2,1,2,18,16,1,1
18,1,886.8242548394157,29,3,72,74,2,3,2,16,18,1,1
18,2,1072.7107688104097,30,3,64,65,1,1,2,9,9,1,1
18,1,1144.2094994068257,31,4,111,110,1,3,2,28,28,1,1
18,1,2190.3269849521157,32,4,115,120,2,1,3,31,35,1,1
18,2,723.9503854440566,33,4,118,95,2,1,2,35,6,1,1
18,1,800.4261418112847,34,4,99,98,1,3,2,7,7,1,1
18,2,1026.4163438200337,35,4,102,100,1,3,1,14,14,1,1
18,2,707.1995930356268,36,4,107,108,1,2,3,25,25,1,1
18,2,714.8302175368565,37,4,104,93,2,2,3,15,1,1,1
18,1,802.4109408192598,38,4,91,105,2,1,3,1,15,1,1
18,1,1244.803316704434,39,4,113,114,1,2,3,30,30,1,1
18,1,867.8795466443098,40,4,94,117,2,1,3,6,31,1,1
18,2,939.4758258638053,41,3,87,61,2,3,1,23,3,1,1
18,2,735.86463428757,42,3,80,79,1,2,1,21,21,1,1
18,2,1915.5919338429026,43,3,64,65,1,1,2,9,9,1,1
18,1,704.9029290568534,44,3,83,84,1,2,3,22,22,1,1
18,1,687.8235049430173,45,3,67,69,1,1,3,10,10,1,1
18,1,1306.0647209861147,46,3,90,88,1,3,1,36,36,1,1
18,2,968.211717932508,47,3,61,74,2,1,2,3,18,1,1
18,2,656.2113510639917,48,3,71,78,2,2,3,16,19,1,1
18,1,1031.770463411283,49,3,78,71,2,3,2,19,16,1,1
18,1,756.1423214765059,50,3,73,87,2,1,3,18,23,1,1
18,2,597.8673458217065,51,1,23,22,1,2,1,34,34,1,1
18,2,737.5287916354232,52,1,14,15,1,2,3,24,24,1,1
18,2,844.12910836328615,53,1,19,30,2,1,3,32,40,1,1
18,1,801.9386338476883,54,1,30,10,2,3,1,40,13,1,1
18,2,1487.3411486199634,55,1,1,3,1,1,3,2,2,1,1
18,2,898.0606454686188,56,1,8,7,1,2,1,12,12,1,1
18,1,845.471379923067,59,1,10,20,2,1,2,13,32,1,1
18,1,1131.3302976593827,60,1,18,16,1,3,1,29,29,1,1
18,2,1033.1344870875969,61,4,110,109,1,2,1,28,28,1,1
18,1,881.0660486133843,62,4,94,119,2,1,2,6,35,1,1
18,2,999.4087660095444,63,4,105,104,1,3,2,15,15,1,1
18,2,1059.8616030455742,64,4,116,117,1,2,3,31,31,1,1
18,1,841.1137936297712,65,4,106,107,1,1,2,25,25,1,1
18,1,887.8940305279109,66,4,114,95,2,3,2,30,6,1,1
18,2,1210.1807190359632,67,4,118,93,2,1,3,35,1,1,1
18,1,1100.8776984625888,68,4,93,101,2,3,2,1,14,1,1
18,2,692.8296595426085,69,4,97,99,1,1,3,7,7,1,1
18,1,1122.9126217746607,70,4,101,114,2,2,3,14,30,1,1
18,1,882.1045056783727,71,2,51,50,1,3,2,27,27,1,1
18,2,695.5017238427231,72,2,42,40,1,3,1,17,17,1,1
18,1,818.5997834805685,73,2,54,52,1,3,1,33,33,1,1
18,2,1220.705483769924,74,2,34,45,2,1,3,8,20,1,1
18,2,1178.5977900115465,75,2,46,39,2,1,3,26,11,1,1
18,2,933.2440650486216,76,2,31,47,2,1,2,5,26,1,1
18,1,726.935354703628,77,2,37,33,2,1,3,11,5,1,1
18,1,898.9281336400657,78,2,59,60,1,2,3,39,39,1,1
18,1,830.3991381454327,79,2,56,55,1,2,1,37,37,1,1
18,2,803.3225069189527,80,2,44,34,2,2,1,20,8,1,1
19,2,832.4912703171669,1,2,53,58,2,2,1,33,39,1,1
19,1,709.1471289925348,2,2,42,41,1,3,2,17,17,1,1
19,2,1241.2006998486518,3,2,39,37,1,3,1,11,11,1,1
19,1,1270.6524389866086,4,2,56,55,1,2,1,37,37,1,1
19,2,1258.5786793861407,5,2,43,50,2,1,2,20,27,1,1
19,2,1933.4745266509724,6,2,49,36,2,1,3,27,8,1,1
19,2,1187.4965499077111,7,2,36,44,2,3,2,8,20,1,1
19,2,1702.6503764625973,8,2,46,48,1,1,3,26,26,1,1
19,2,1087.3593139049603,9,2,58,53,2,1,2,39,33,1,1
19,1,1732.1460156871117,10,2,32,31,1,2,1,5,5,1,1
19,2,1012.7659352406617,11,3,79,68,2,1,2,21,10,1,1
19,2,1301.7318965074667,12,3,64,66,1,1,3,9,9,1,1
19,2,691.7116984280777,13,3,78,76,1,3,1,19,19,1,1
19,2,818.2333086115361,14,3,61,62,1,1,2,3,3,1,1
19,2,1357.9198276989,15,3,74,85,2,2,1,18,23,1,1
19,2,701.3577084483617,16,3,69,80,2,3,2,10,21,1,1
19,1,881.7278491750862,17,3,70,71,1,1,2,16,16,1,1
19,2,1422.7836414010935,18,3,84,74,2,3,2,22,18,1,1
19,1,679.8460790416736,19,3,86,84,2,2,3,23,22,1,1
19,1,757.4124194569854,20,3,89,88,1,2,1,36,36,1,1
19,2,1013.8400122439394,21,4,102,100,1,3,1,14,14,1,1
19,1,849.8971216317252,22,4,117,104,2,3,2,31,15,1,1
19,1,1484.0511690548824,23,4,95,94,1,2,1,6,6,1,1
19,1,2041.6509673803776,24,4,98,99,1,2,3,7,7,1,1
19,2,1487.9908141814271,25,4,111,119,2,3,2,28,35,1,1
19,2,1341.4789501204855,26,4,112,111,2,1,3,30,28,1,1
19,1,1885.5724888625277,27,4,104,114,2,2,3,15,30,1,1
19,1,981.449827005602,28,4,106,108,1,1,3,25,25,1,1
19,2,1434.3461208621632,29,4,118,116,2,1,2,35,31,1,1
19,2,1488.6179870094038,30,4,91,93,1,1,3,1,1,1,1
19,2,1150.956817075827,31,3,79,81,1,1,3,21,21,1,1
19,2,1387.1551433361208,32,3,90,68,2,3,2,36,10,1,1
19,2,1358.0397268341326,33,3,67,87,2,1,3,10,23,1,1
19,2,1318.453838737865,34,3,85,90,2,1,3,23,36,1,1
19,1,1172.091668447862,35,3,73,74,1,1,2,18,18,1,1
19,2,1595.9357280551717,36,3,65,70,2,2,1,9,16,1,1
19,2,1066.48299385805,37,3,71,64,2,2,1,16,9,1,1
19,1,1376.4636480007703,38,3,83,82,1,2,1,22,22,1,1
19,1,959.161737433431,39,3,78,76,1,3,1,19,19,1,1
19,1,1163.9967769966197,40,3,63,62,1,3,2,3,3,1,1
19,2,1202.5174173766788,42,2,32,33,1,2,3,5,5,1,1
19,1,962.9084563208735,43,2,52,53,1,1,2,33,33,1,1
19,2,1338.9311109347059,44,2,41,40,1,2,1,17,17,1,1
19,1,1806.5960878917192,45,2,46,48,1,1,3,26,26,1,1
19,2,895.3205391489306,46,2,39,58,2,3,1,11,39,1,1
19,1,981.226865423709,49,2,36,43,2,3,1,8,20,1,1
19,2,772.2576048576165,50,2,59,55,2,2,1,39,37,1,1
19,2,1209.2104806792718,51,1,13,30,2,1,3,24,40,1,1
19,1,1208.8566648014653,52,1,3,1,1,3,1,2,2,1,1
19,1,1025.6347590075939,53,1,9,19,2,3,1,12,32,1,1
19,2,1510.6449208746005,54,1,25,27,1,1,3,38,38,1,1
19,2,1294.7940160860999,55,1,16,18,1,1,3,29,29,1,1
19,2,1377.1791241536437,56,1,29,22,2,2,1,40,34,1,1
19,2,1435.7899139049653,57,1,10,12,1,1,3,13,13,1,1
19,2,806.376624223369,58,1,24,8,2,3,2,34,12,1,1
19,1,1284.0048562554632,59,1,20,13,2,2,1,32,24,1,1
19,1,803.9310850402145,60,1,5,6,1,2,3,4,4,1,1
19,1,2190.7870716774914,61,4,100,92,2,1,2,14,1,1,1
19,1,1156.12264430885,62,4,117,100,2,3,1,31,14,1,1
19,1,1306.8262699888019,63,4,94,108,2,1,3,6,25,1,1
19,1,1123.280163335651,64,4,107,94,2,2,1,25,6,1,1
19,1,1474.6212127934696,65,4,113,112,1,2,1,30,30,1,1
19,1,1070.3334244928283,66,4,105,103,1,3,1,15,15,1,1
19,2,1025.6639794509151,67,4,97,98,1,1,2,7,7,1,1
19,2,1478.834400764878,68,4,119,118,1,2,1,35,35,1,1
19,1,1476.9933842031087,69,4,91,117,2,1,3,1,31,1,1
19,2,1495.5210183742533,70,4,111,110,1,3,2,28,28,1,1
19,2,822.67970469533725,71,1,24,13,2,3,1,34,24,1,1
19,2,1930.6467667323582,72,1,16,17,1,1,2,29,29,1,1
19,2,1525.7367051796089,73,1,11,12,1,2,3,13,13,1,1
19,2,1521.6860456879426,74,1,3,2,1,3,2,2,2,1,1
19,2,1231.587724112656,75,1,25,26,1,1,2,38,38,1,1
19,2,2190.95409647423,76,1,15,8,2,3,2,24,12,1,1
19,1,944.7237020485816,77,1,19,23,2,1,2,32,34,1,1
19,2,894.1161793932454,78,1,29,30,1,2,3,40,40,1,1
19,1,1364.051548086592,79,1,5,19,2,2,1,4,32,1,1
19,2,1094.3135425791743,80,1,7,5,2,1,2,12,4,1,1
20,2,2947.8614650195655,1,1,29,28,1,2,1,40,40,1,1
20,1,1111.921485256061,2,1,8,7,1,2,1,12,12,1,1
20,1,927.3425969876163,3,1,21,20,1,3,2,32,32,1,1
20,1,772.5712636384922,4,1,25,18,2,1,3,38,29,1,1
20,2,1031.298193061644,5,1,10,12,1,1,3,13,13,1,1
20,2,1155.3915403837614,6,1,6,25,2,3,1,4,38,1,1
20,1,637.5016287816159,7,1,22,15,2,1,3,34,24,1,1
20,1,1048.6722944131031,8,1,14,4,2,2,1,24,4,1,1
20,2,846.7892779900733,9,1,3,1,1,3,1,2,2,1,1
20,2,1154.2002517673807,10,1,16,24,2,1,3,29,34,1,1
20,2,784.6091741106145,11,3,79,66,2,1,3,21,9,1,1
20,2,1082.106038743374,12,3,66,86,2,3,2,9,23,1,1
20,1,765.0032264571773,13,3,86,72,2,2,3,23,16,1,1
20,2,718.532325103494,14,3,73,80,2,1,2,18,21,1,1
20,1,860.5217566408448,15,3,62,63,1,2,3,3,3,1,1
20,2,798.344488198248,16,3,78,76,1,3,1,19,19,1,1
20,1,973.4455477107198,17,3,72,74,2,3,2,16,18,1,1
20,2,667.5753834544831,18,3,89,90,1,2,3,36,36,1,1
20,1,687.2177965955498,19,3,82,84,1,1,3,22,22,1,1
20,2,1526.9984833688577,20,3,67,69,1,1,3,10,10,1,1
20,2,784.2985099709924,21,4,112,114,1,1,3,30,30,1,1
20,1,887.888763740076,22,4,93,104,2,3,2,1,15,1,1
20,2,1070.350832096352,23,4,106,101,2,1,2,25,14,1,1
20,1,1060.993041065146,24,4,99,91,2,3,1,7,1,1,1
20,1,1099.9319797773205,25,4,119,120,1,2,3,35,35,1,1
20,1,866.2012826776672,26,4,95,96,1,2,3,6,6,1,1
20,1,769.3299081849609,27,4,100,107,2,1,2,14,25,1,1
20,2,913.7209080909199,28,4,110,109,1,2,1,28,28,1,1
20,2,1157.2658353770971,29,4,103,98,2,1,2,15,7,1,1
20,2,1288.2174775898106,30,4,117,115,1,3,1,31,31,1,1
20,1,1202.4846885637867,31,3,63,80,2,3,2,3,21,1,1
20,2,1251.6331522266526,32,3,89,76,2,2,1,36,19,1,1
20,2,771.7699938319599,33,3,70,71,1,1,2,16,16,1,1
20,1,850.04849926619,34,3,82,83,1,1,2,22,22,1,1
20,1,1234.3050653102289,35,3,75,74,1,3,2,18,18,1,1
20,1,1447.063008325465,36,3,67,89,2,1,2,10,36,1,1
20,2,1551.2975243546261,37,3,80,63,2,2,3,21,3,1,1
20,2,988.3740878539786,38,3,78,67,2,3,1,19,10,1,1
20,1,899.5371669329968,39,3,86,87,1,2,3,23,23,1,1
20,1,738.5915942581765,40,3,64,65,1,1,2,9,9,1,1
20,1,708.4962921117212,41,2,54,53,1,3,2,33,33,1,1
20,1,827.4790228420185,42,2,31,38,2,1,2,5,11,1,1
20,1,835.9985719858657,43,2,37,60,2,1,3,11,39,1,1
20,2,767.8901000620624,44,2,44,43,1,2,1,20,20,1,1
20,2,723.5365104692985,45,2,49,50,1,1,2,27,27,1,1
20,1,1166.0404200016328,46,2,59,33,2,2,3,39,5,1,1
20,1,588.8669232911791,47,2,48,47,1,3,2,26,26,1,1
20,2,2083.511251327241,48,2,41,34,2,2,1,17,8,1,1
20,1,836.3928940103151,49,2,36,41,2,3,2,8,17,1,1
20,2,806.1317847261382,50,2,55,57,1,1,3,37,37,1,1
20,2,594.9952700409835,51,4,92,91,1,2,1,1,1,1,1
20,1,1347.9246728626056,52,4,114,116,2,3,2,30,31,1,1
20,1,1174.1035836263059,53,4,102,113,2,3,2,14,30,1,1
20,2,1058.9983317443534,54,4,97,102,2,1,3,7,14,1,1
20,2,922.3058031074353,55,4,118,120,1,1,3,35,35,1,1
20,2,1127.533264196308,56,4,115,110,2,1,2,31,28,1,1
20,1,1056.56770535035,57,4,104,105,1,2,3,15,15,1,1
20,1,736.7616182119746,58,4,110,97,2,2,1,28,7,1,1
20,2,1052.9605465998636,59,4,106,108,1,1,3,25,25,1,1
20,2,1303.7341532301073,60,4,96,94,1,3,1,6,6,1,1
20,1,1234.2406722038156,61,2,35,36,1,2,3,8,8,1,1
20,1,1175.097608158319,62,2,33,50,2,3,2,5,27,1,1
20,2,1173.332522906017,63,2,55,57,1,1,3,37,37,1,1
20,1,863.8335199969131,64,2,46,47,1,1,2,26,26,1,1
20,1,1515.7431510072831,65,2,42,41,1,3,2,17,17,1,1
20,2,724.4005106215907,66,2,49,59,2,1,2,27,39,1,1
20,2,818.4567692154958,67,2,52,53,1,1,2,33,33,1,1
20,2,1183.4500265669703,68,2,59,31,2,2,1,39,5,1,1
20,2,1176.8545338748174,69,2,39,44,2,3,2,11,20,1,1
20,1,1644.9026395698188,70,2,44,37,2,2,1,20,11,1,1
20,2,779.4623107815935,71,1,19,20,1,1,2,32,32,1,1
20,1,669.631794725881,72,1,11,1,2,2,1,13,2,1,1
20,2,931.2753196303884,73,1,30,28,1,3,1,40,40,1,1
20,1,990.931664269261,74,1,26,27,1,2,3,38,38,1,1
20,2,978.7722892729605,75,1,15,4,2,3,1,24,4,1,1
20,2,904.5833052725438,76,1,22,23,1,1,2,34,34,1,1
20,2,730.2860722696454,77,1,17,13,2,2,1,29,24,1,1
20,1,814.8655839010802,78,1,7,8,1,1,2,12,12,1,1
20,1,889.2574149071238,79,1,4,11,2,1,2,4,13,1,1
20,1,1409.5306435023067,80,1,3,16,2,3,1,2,29,1,1
1,1,1178.8604951243055,1,3,76,78,1,1,3,19,19,5,2
1,2,1011.0638787588152,2,3,90,88,1,3,1,36,36,5,2
1,1,1125.6615079998955,3,3,86,82,2,2,1,23,22,5,2
1,2,687.9534707029529,4,3,75,73,1,3,1,18,18,5,2
1,1,958.5062982695586,5,3,61,63,1,1,3,3,3,5,2
1,1,904.8079754218875,6,3,83,72,2,2,3,22,16,5,2
1,2,977.4607292532951,7,3,64,65,1,1,2,9,9,5,2
1,1,683.5257831533838,8,3,81,67,2,3,1,21,10,5,2
1,2,766.3351976468819,9,3,68,85,2,2,1,10,23,5,2
1,2,948.8081891254844,10,3,70,80,2,1,2,16,21,5,2
1,2,1220.3457398586615,11,4,110,105,2,2,3,28,15,5,2
1,2,845.111702309084,12,4,120,107,2,3,2,35,25,5,2
1,1,674.5846848032954,13,4,114,112,1,3,1,30,30,5,2
1,2,712.753944863797,14,4,116,117,1,2,3,31,31,5,2
1,1,1801.4378876920227,15,4,107,93,2,2,3,25,1,5,2
1,2,814.352084659546,16,4,94,95,1,1,2,6,6,5,2
1,1,676.6008549401877,17,4,100,101,1,1,2,14,14,5,2
1,1,869.2832194477219,18,4,99,98,1,3,2,7,7,5,2
1,2,791.2301959594533,19,4,91,110,2,1,2,1,28,5,2
1,1,978.4159405769283,20,4,103,119,2,1,2,15,35,5,2
1,1,883.9396859636433,21,1,5,4,1,2,1,4,4,5,2
1,2,1559.4541650316096,22,1,19,21,1,1,3,32,32,5,2
1,2,1107.061120395897,23,1,24,23,1,3,2,34,34,5,2
1,2,838.7360326078775,24,1,12,13,2,3,1,13,24,5,2
1,2,661.9665458606996,25,1,7,8,1,1,2,12,12,5,2
1,2,529.9253902395726,26,1,14,3,2,2,3,24,2,5,2
1,1,1336.3119955653526,27,1,16,17,1,1,2,29,29,5,2
1,1,1525.7931030993045,28,1,29,25,2,2,1,40,38,5,2
1,2,1563.9030770273944,29,1,25,11,2,1,2,38,13,5,2
1,1,955.6299813225413,30,1,3,28,2,3,1,2,40,5,2
1,2,947.8068598565736,31,3,70,69,2,1,3,16,10,5,2
1,1,908.8053604617888,32,3,84,82,1,3,1,22,22,5,2
1,1,845.3192223821002,33,3,62,90,2,2,3,3,36,5,2
1,1,1386.5797903804967,34,3,75,73,1,3,1,18,18,5,2
1,2,678.7531582276922,35,3,85,63,2,1,3,23,3,5,2
1,1,1178.8964962830755,36,3,79,80,1,1,2,21,21,5,2
1,1,1138.7684526684725,37,3,89,72,2,2,3,36,16,5,2
1,1,1352.434732308901,38,3,78,77,1,3,2,19,19,5,2
1,1,563.2168997063765,39,3,64,65,1,1,2,9,9,5,2
1,2,914.5008648922608,40,3,68,87,2,2,3,10,23,5,2
1,2,1207.9252041119066,42,2,43,47,2,1,2,20,26,5,2
1,1,766.2677928072935,43,2,59,58,1,2,1,39,39,5,2
1,2,820.9169195856548,44,2,39,37,1,3,1,11,11,5,2
1,1,752.8712328952531,45,2,52,54,1,1,3,33,33,5,2
1,1,613.4528401284166,46,2,40,50,2,1,2,17,27,5,2
1,2,916.471102621629,47,2,33,40,2,3,1,5,17,5,2
1,1,1168.61438927136,48,2,48,31,2,3,1,26,5,5,2
1,1,841.014816190229,49,2,50,43,2,2,1,27,20,5,2
1,2,816.1156743237533,50,2,55,57,1,1,3,37,37,5,2
1,2,723.8617965792678,51,1,10,11,1,1,2,13,13,5,2
1,1,1109.596473868883,52,1,15,13,1,3,1,24,24,5,2
1,1,1339.9286792521418,53,1,29,30,1,2,3,40,40,5,2
1,1,790.637394047139,54,1,17,24,2,2,3,29,34,5,2
1,1,760.0619270895132,55,1,9,8,1,3,2,12,12,5,2
1,1,677.122611192888,56,1,23,19,2,2,1,34,32,5,2
1,1,1115.28933930263,57,1,1,17,2,1,2,2,29,5,2
1,1,1098.291149556999,58,1,27,26,1,3,2,38,38,5,2
1,1,1238.6754807852587,59,1,19,6,2,1,3,32,4,5,2
1,1,1010.8626561756198,60,1,4,3,2,1,3,4,2,5,2
1,2,1011.1792186067221,61,4,106,102,2,1,3,25,14,5,2
1,2,894.8571154750035,62,4,92,91,1,2,1,1,1,5,2
1,1,991.0000599509592,63,4,95,108,2,2,3,6,25,5,2
1,2,1146.887898955265,64,4,100,95,2,1,2,14,6,5,2
1,1,1828.117522373043,65,4,99,119,2,3,2,7,35,5,2
1,2,815.4106294512748,66,4,113,114,1,2,3,30,30,5,2
1,2,844.3452753553975,67,4,118,99,2,1,3,35,7,5,2
1,2,1947.344362304479,68,4,109,111,1,1,3,28,28,5,2
1,1,748.1841314935681,69,4,105,104,1,3,2,15,15,5,2
1,1,591.9042374074072,70,4,117,116,1,3,2,31,31,5,2
1,1,920.8424798877877,71,2,53,54,1,2,3,33,33,5,2
1,2,962.6419251755217,72,2,57,56,1,3,2,37,37,5,2
1,2,1043.2417635292047,73,2,38,51,2,2,3,11,27,5,2
1,2,923.4799164385923,74,2,51,35,2,3,2,27,8,5,2
1,1,805.7137052885143,75,2,40,41,1,1,2,17,17,5,2
1,1,1885.6874345392876,77,2,36,58,2,3,1,8,39,5,2
1,2,912.0686839084758,78,2,43,39,2,1,3,20,11,5,2
1,1,485.07792130771605,79,2,31,33,1,1,3,5,5,5,2
1,1,2017.1003565744466,80,2,59,43,2,2,1,39,20,5,2
2,1,1156.0250165262642,1,3,71,61,2,2,1,16,3,5,2
2,1,664.8302359335917,3,3,81,79,1,3,1,21,21,5,2
2,2,1156.9848860943405,4,3,89,88,1,2,1,36,36,5,2
2,2,1026.514650271202,5,3,73,75,1,1,3,18,18,5,2
2,1,1425.80899933513,6,3,65,85,2,2,1,9,23,5,2
2,1,975.8929525992894,7,3,76,78,1,1,3,19,19,5,2
2,2,1322.6476862888312,8,3,87,70,2,3,1,23,16,5,2
2,1,1261.986509929995,10,3,82,83,1,1,2,22,22,5,2
2,2,1013.9733865035456,11,4,98,97,1,2,1,7,7,5,2
2,1,924.280326616624,12,4,96,104,2,3,2,6,15,5,2
2,2,1174.8423344433875,13,4,91,95,2,1,2,1,6,5,2
2,1,1204.709290767142,14,4,101,117,2,2,3,14,31,5,2
2,2,1982.3250041504914,15,4,105,101,2,3,2,15,14,5,2
2,1,1085.986972366986,16,4,114,112,1,3,1,30,30,5,2
2,1,1590.6293400758836,17,4,106,108,1,1,3,25,25,5,2
2,1,1284.9735381411547,18,4,118,119,1,1,2,35,35,5,2
2,1,1423.1176016989803,19,4,110,109,1,2,1,28,28,5,2
2,2,1327.266629914268,20,4,115,92,2,1,2,31,1,5,2
2,2,1110.2441699280987,21,2,58,60,1,1,3,39,39,5,2
2,2,1261.4011308798017,22,2,43,36,2,1,3,20,8,5,2
2,1,1028.268708159271,23,2,36,41,2,3,2,8,17,5,2
2,1,1014.95574286976,24,2,50,33,2,2,3,27,5,5,2
2,2,2505.091138587437,26,2,40,45,2,1,3,17,20,5,2
2,1,1084.7529662687095,27,2,54,53,1,3,2,33,33,5,2
2,2,1277.1063931212868,28,2,32,49,2,2,1,5,27,5,2
2,2,1069.4398193063273,29,2,56,55,1,2,1,37,37,5,2
2,1,1053.8778786705307,30,2,48,46,1,3,1,26,26,5,2
2,1,954.8862659907578,31,4,110,111,1,2,3,28,28,5,2
2,2,1070.2054805412158,32,4,94,104,2,1,2,6,15,5,2
2,1,921.2033367861527,33,4,102,94,2,3,1,14,6,5,2
2,1,1682.7250882905216,34,4,91,92,1,1,2,1,1,5,2
2,1,708.2484561227736,35,4,119,118,1,2,1,35,35,5,2
2,1,1339.981655496224,36,4,107,106,1,2,1,25,25,5,2
2,2,991.936274814892,37,4,114,113,1,3,2,30,30,5,2
2,1,1208.9471950004354,38,4,97,102,2,1,3,7,14,5,2
2,2,1851.1954567774271,39,4,115,99,2,1,3,31,7,5,2
2,2,1036.0298742526284,40,4,105,116,2,3,2,15,31,5,2
2,2,1355.546921186185,41,2,44,45,1,2,3,20,20,5,2
2,1,1067.4106336070518,42,2,33,46,2,3,1,5,26,5,2
2,2,859.8179420304814,44,2,58,59,1,1,2,39,39,5,2
2,2,1558.2454113888782,45,2,42,41,1,3,2,17,17,5,2
2,1,1449.4815008725027,46,2,34,57,2,1,3,8,37,5,2
2,1,1205.5953877400684,47,2,53,34,2,2,1,33,8,5,2
2,1,1388.5430296060217,48,2,57,32,2,3,2,37,5,5,2
2,2,1902.2601297862207,49,2,46,54,2,1,3,26,33,5,2
2,2,1118.0124043859544,50,2,49,50,1,1,2,27,27,5,2
2,2,1982.1668295473341,51,1,28,26,2,1,2,40,38,5,2
2,2,1611.291793277404,52,1,6,5,1,3,2,4,4,5,2
2,2,941.2064293892496,53,1,21,8,2,3,2,32,12,5,2
2,1,1040.0981109627087,54,1,14,13,1,2,1,24,24,5,2
2,1,1484.867099766046,55,1,22,24,1,1,3,34,34,5,2
2,2,1019.4012577470025,56,1,10,11,1,1,2,13,13,5,2
2,2,1013.5328427279983,57,1,3,1,1,3,1,2,2,5,2
2,2,1768.7334366111509,58,1,8,30,2,2,3,12,40,5,2
2,2,1523.1382179473746,59,1,25,18,2,1,3,38,29,5,2
2,1,720.2605400689675,60,1,17,19,2,2,1,29,32,5,2
2,1,1592.708816148091,61,3,84,70,2,3,1,22,16,5,2
2,1,1066.6712681432368,62,3,76,77,1,1,2,19,19,5,2
2,1,1045.787720666938,63,3,63,62,1,3,2,3,3,5,2
2,2,992.9730827914809,64,3,74,73,1,2,1,18,18,5,2
2,2,1271.8023948221778,65,3,80,81,1,2,3,21,21,5,2
2,1,982.0705378748796,66,3,67,84,2,1,3,10,22,5,2
2,2,708.6942220139949,67,3,87,64,2,3,1,23,9,5,2
2,1,715.2532725356259,68,3,89,88,1,2,1,36,36,5,2
2,2,1017.8975908061902,69,3,70,68,2,1,2,16,10,5,2
2,1,1194.8294868115313,70,3,64,86,2,1,2,9,23,5,2
2,2,1828.0742423516845,71,1,28,29,1,1,2,40,40,5,2
2,1,1580.682100481903,72,1,23,25,2,2,1,34,38,5,2
2,1,2183.060472283541,73,1,13,15,1,1,3,24,24,5,2
2,2,1422.418393364995,74,1,17,1,2,2,1,29,2,5,2
2,2,1276.7637789720018,75,1,7,8,1,1,2,12,12,5,2
2,2,1561.3040017546605,76,1,21,19,1,3,1,32,32,5,2
2,1,1238.629784819534,77,1,1,12,2,1,3,2,13,5,2
2,1,1522.1395067219016,78,1,5,4,1,2,1,4,4,5,2
2,2,1155.0400247212524,79,1,27,16,2,3,1,38,29,5,2
2,2,941.2978308552294,80,1,12,23,2,3,2,13,34,5,2
4,2,2009.1791338698392,1,2,38,40,2,2,1,11,17,5,2
4,1,1612.376491574662,2,2,57,43,2,3,1,37,20,5,2
4,2,1520.5082549083415,3,2,40,39,2,1,3,17,11,5,2
4,1,1185.9752290026927,4,2,36,34,1,3,1,8,8,5,2
4,1,1293.8524721844838,5,2,46,48,1,1,3,26,26,5,2
4,2,1019.3193785417865,6,2,54,53,1,3,2,33,33,5,2
4,2,1317.108026193961,7,2,59,58,1,2,1,39,39,5,2
4,2,1672.5111320007534,8,2,44,33,2,2,3,20,5,5,2
4,2,1596.7431692914681,9,2,31,57,2,1,3,5,37,5,2
4,1,1894.6676998709418,10,2,49,51,1,1,3,27,27,5,2
4,1,1574.6208800800305,11,3,77,79,2,2,1,19,21,5,2
4,2,2159.3309668244074,12,3,82,71,2,1,2,22,16,5,2
4,2,1239.8552731942477,13,3,62,61,1,2,1,3,3,5,2
4,1,1284.8749217422621,14,3,88,90,1,1,3,36,36,5,2
4,2,3540.33153035653,15,3,69,68,1,3,2,10,10,5,2
4,1,1388.7371835855768,16,3,86,78,2,2,3,23,19,5,2
4,2,1569.0756853581934,17,3,75,73,1,3,1,18,18,5,2
4,2,2028.1834080400658,18,3,72,82,2,3,1,16,22,5,2
4,1,1282.7316537064726,19,3,79,86,2,1,2,21,23,5,2
4,1,1113.8200922204935,20,3,64,66,1,1,3,9,9,5,2
4,2,1536.9265087355695,21,4,109,110,1,1,2,28,28,5,2
4,1,1558.1779602398217,22,4,117,97,2,3,1,31,7,5,2
4,1,1326.4822817129984,23,4,91,92,1,1,2,1,1,5,2
4,1,1586.6247481886433,24,4,100,101,1,1,2,14,14,5,2
4,2,1245.6387356576483,25,4,108,113,2,3,2,25,30,5,2
4,1,1872.9896949763952,26,4,95,96,1,2,3,6,6,5,2
4,1,1160.086256800422,27,4,104,106,2,2,1,15,25,5,2
4,1,1114.6496407264926,28,4,112,117,2,1,3,30,31,5,2
4,2,1480.6053079570693,29,4,99,104,2,3,2,7,15,5,2
4,2,1394.1396992347634,30,4,119,120,1,2,3,35,35,5,2
4,2,2032.214601444985,31,1,4,5,1,1,2,4,4,5,2
4,1,1637.6103421512853,32,1,24,16,2,3,1,34,29,5,2
4,1,1202.1377405931853,33,1,17,3,2,2,3,29,2,5,2
4,1,1363.6463102858875,34,1,10,12,1,1,3,13,13,5,2
4,2,2721.1495387544524,35,1,9,7,1,3,1,12,12,5,2
4,1,1174.5579087472784,36,1,19,21,1,1,3,32,32,5,2
4,1,1320.0314452003777,37,1,1,27,2,1,3,2,38,5,2
4,2,1363.5649566710879,38,1,14,13,1,2,1,24,24,5,2
4,2,1542.877852937198,39,1,29,24,2,2,3,40,34,5,2
4,1,1310.5674567942285,40,1,27,28,2,3,1,38,40,5,2
4,1,1528.9942310997715,41,3,86,85,1,2,1,23,23,5,2
4,1,1738.8790467951708,42,3,75,80,2,3,2,18,21,5,2
4,2,1281.643140332636,43,3,72,70,1,3,1,16,16,5,2
4,1,1171.9987933171753,44,3,88,78,2,1,3,36,19,5,2
4,1,1045.6131881431238,46,3,67,69,1,1,3,10,10,5,2
4,2,2118.0207068412383,47,3,61,62,1,1,2,3,3,5,2
4,1,1414.889654794589,48,3,77,64,2,2,1,19,9,5,2
4,2,1602.42432025137,49,3,83,82,1,2,1,22,22,5,2
4,2,1380.8968032769396,50,3,66,89,2,3,2,9,36,5,2
4,2,1226.562558912345,51,2,44,52,2,2,1,20,33,5,2
4,2,1146.4380801057005,53,2,51,50,1,3,2,27,27,5,2
4,2,945.4518895215867,54,2,34,39,2,1,3,8,11,5,2
4,1,783.1476819650635,55,2,33,32,1,3,2,5,5,5,2
4,2,2295.8652904045503,56,2,59,60,1,2,3,39,39,5,2
4,2,1528.6540179116046,57,2,55,56,1,1,2,37,37,5,2
4,1,2802.9657349715726,58,2,37,41,2,1,2,11,17,5,2
4,2,1818.250622252917,59,2,54,43,2,3,1,33,20,5,2
4,1,1248.801073471167,60,2,46,47,1,1,2,26,26,5,2
4,1,2208.6781770513794,61,1,25,27,1,1,3,38,38,5,2
4,1,1861.0513598182501,62,1,4,30,2,1,3,4,40,5,2
4,2,3560.937209859346,63,1,24,16,2,3,1,34,29,5,2
4,1,1124.3468104148894,64,1,11,12,1,2,3,13,13,5,2
4,1,3649.286323584319,65,1,30,14,2,3,2,40,24,5,2
4,2,1740.681300411474,66,1,7,8,1,1,2,12,12,5,2
4,1,1804.308830121176,67,1,17,24,2,2,3,29,34,5,2
4,1,1372.2552702344783,68,1,19,21,1,1,3,32,32,5,2
4,1,891.7805175851424,69,1,14,6,2,2,3,24,4,5,2
4,1,1969.519222900119,70,1,3,2,1,3,2,2,2,5,2
4,2,1766.505191838828,71,4,108,106,1,3,1,25,25,5,2
4,2,2249.322252036861,72,4,103,102,2,1,3,15,14,5,2
4,1,2039.7141140832814,73,4,109,98,2,1,2,28,7,5,2
4,2,1578.9860232873903,74,4,120,118,1,3,1,35,35,5,2
4,1,1329.189776046708,75,4,97,110,2,1,2,7,28,5,2
4,2,1153.3715310166776,76,4,101,96,2,2,3,14,6,5,2
4,2,1933.8511743066388,77,4,93,91,1,3,1,1,1,5,2
4,2,1488.6932427300676,78,4,95,103,2,2,1,6,15,5,2
4,1,1185.6669056232768,79,4,113,112,1,2,1,30,30,5,2
4,2,2679.8727658175812,80,4,115,117,1,1,3,31,31,5,2
5,2,1562.8181650978192,1,4,91,119,2,1,2,1,35,5,2
5,2,1992.3472422281545,2,4,96,95,1,3,2,6,6,5,2
5,2,1496.7171248273942,3,4,109,111,1,1,3,28,28,5,2
5,1,825.7300125018203,4,4,98,99,1,2,3,7,7,5,2
5,2,1126.533756570313,5,4,105,116,2,3,2,15,31,5,2
5,2,702.2349930926284,6,4,119,105,2,2,3,35,15,5,2
5,1,2116.4892149679927,7,4,114,113,1,3,2,30,30,5,2
5,1,1720.915243064051,8,4,106,92,2,1,2,25,1,5,2
5,2,1161.6980182294656,9,4,115,107,2,1,2,31,25,5,2
5,2,1135.2471417070296,10,4,101,100,1,2,1,14,14,5,2
5,1,1156.096441946756,11,1,3,17,2,3,2,2,29,5,2
5,1,1109.4897235069107,12,1,22,26,2,1,2,34,38,5,2
5,1,1288.1658149408913,13,1,13,3,2,1,3,24,2,5,2
5,1,838.3746196531381,14,1,8,7,1,2,1,12,12,5,2
5,2,806.1547768433197,15,1,11,10,1,2,1,13,13,5,2
5,2,1420.5733042714523,16,1,21,19,1,3,1,32,32,5,2
5,1,1957.2033284284616,17,1,29,30,1,2,3,40,40,5,2
5,1,1089.7002749673186,18,1,16,24,2,1,3,29,34,5,2
5,2,1599.9032245178128,19,1,4,5,1,1,2,4,4,5,2
5,1,1220.5216408476986,20,1,27,14,2,3,2,38,24,5,2
5,1,1163.3087510489572,21,3,89,70,2,2,1,36,16,5,2
5,2,1632.99249161915,22,3,81,88,2,3,1,21,36,5,2
5,1,1035.0907875377798,23,3,64,87,2,1,3,9,23,5,2
5,2,990.2244413520978,24,3,71,66,2,2,3,16,9,5,2
5,1,1028.3515348793876,25,3,68,69,1,2,3,10,10,5,2
5,2,1354.638106121787,26,3,61,62,1,1,2,3,3,5,2
5,2,857.0684838544239,27,3,78,76,1,3,1,19,19,5,2
5,1,1098.3964801819488,28,3,84,82,1,3,1,22,22,5,2
5,2,1915.5596575713114,29,3,85,81,2,1,3,23,21,5,2
5,1,985.8280176142752,30,3,73,75,1,1,3,18,18,5,2
5,2,1561.143729554646,31,2,47,39,2,2,3,26,11,5,2
5,1,1175.2582668643458,32,2,40,35,2,1,2,17,8,5,2
5,2,1421.8928636816986,33,2,39,32,2,3,2,11,5,5,2
5,2,1088.2275764248664,34,2,58,59,1,1,2,39,39,5,2
5,1,1192.8655324555707,35,2,56,57,1,2,3,37,37,5,2
5,1,1286.2813969204108,36,2,36,46,2,3,1,8,26,5,2
5,2,1122.656111975405,37,2,52,54,1,1,3,33,33,5,2
5,2,915.199461707306,38,2,43,44,1,1,2,20,20,5,2
5,1,1026.48732585267,39,2,33,40,2,3,1,5,17,5,2
5,1,953.306112039493,40,2,50,49,1,2,1,27,27,5,2
5,1,1654.1603928921177,41,4,110,115,2,2,1,28,31,5,2
5,1,2175.7273247490534,42,4,101,102,1,2,3,14,14,5,2
5,1,1647.6228295689182,43,4,94,108,2,1,3,6,25,5,2
5,2,1031.724594485061,44,4,112,114,1,1,3,30,30,5,2
5,2,1273.6691627662271,45,4,108,110,2,3,2,25,28,5,2
5,1,994.1309740262623,46,4,92,91,1,2,1,1,1,5,2
5,2,1214.1300823572537,47,4,105,104,1,3,2,15,15,5,2
5,1,1801.7982806725822,48,4,120,94,2,3,1,35,6,5,2
5,2,1577.1397464599822,49,4,115,120,2,1,3,31,35,5,2
5,2,860.9876499742138,50,4,97,98,1,1,2,7,7,5,2
5,1,1208.37733581493,51,2,42,43,2,3,1,17,20,5,2
5,2,1139.7684388950456,52,2,46,47,1,1,2,26,26,5,2
5,1,1041.3349510867943,53,2,52,39,2,1,3,33,11,5,2
5,2,1208.1182908630162,54,2,38,49,2,2,1,11,27,5,2
5,2,1275.257014322975,55,2,45,53,2,3,2,20,33,5,2
5,2,1397.6634667369633,56,2,55,56,1,1,2,37,37,5,2
5,2,953.8478377004512,57,2,59,58,1,2,1,39,39,5,2
5,1,1020.4406022919413,58,2,31,32,1,1,2,5,5,5,2
5,1,899.3742671237974,59,2,50,40,2,2,1,27,17,5,2
5,1,745.7092865758236,60,2,36,34,1,3,1,8,8,5,2
5,2,1306.4687034739939,61,1,11,12,1,2,3,13,13,5,2
5,1,1067.329040779473,62,1,13,15,1,1,3,24,24,5,2
5,1,1707.4473524975733,63,1,18,2,2,3,2,29,2,5,2
5,1,1216.8179714406947,64,1,29,6,2,2,3,40,4,5,2
5,2,894.1181291969024,65,1,5,16,2,2,1,4,29,5,2
5,2,952.5898195426166,66,1,19,20,1,1,2,32,32,5,2
5,2,1513.3041126268615,67,1,24,28,2,3,1,34,40,5,2
5,1,1056.1021099420307,68,1,27,26,1,3,2,38,38,5,2
5,2,1157.6271316006737,69,1,1,23,2,1,2,2,34,5,2
5,2,1635.946783300297,70,1,7,8,1,1,2,12,12,5,2
5,2,1267.4403490105667,71,3,65,66,1,2,3,9,9,5,2
5,2,1324.253009345465,72,3,90,70,2,3,1,36,16,5,2
5,1,1016.6779591064227,73,3,86,87,1,2,3,23,23,5,2
5,2,1158.6237670829905,74,3,81,62,2,3,2,21,3,5,2
5,2,862.9915024632039,75,3,71,81,2,2,3,16,21,5,2
5,1,1328.6720236650312,76,3,63,77,2,3,2,3,19,5,2
5,1,1097.2986537563097,77,3,76,89,2,1,2,19,36,5,2
5,1,1135.9244717079691,78,3,82,84,1,1,3,22,22,5,2
5,2,936.8462548821875,79,3,67,68,1,1,2,10,10,5,2
5,1,1030.2264442745534,80,3,73,74,1,1,2,18,18,5,2
6,1,1002.1541145879786,1,2,38,37,1,2,1,11,11,5,2
6,2,1662.5014258325693,2,2,34,32,2,1,2,8,5,5,2
6,1,993.7264799283664,3,2,52,35,2,1,2,33,8,5,2
6,1,945.7539497465673,4,2,59,60,1,2,3,39,39,5,2
6,1,977.5719259105729,5,2,55,57,1,1,3,37,37,5,2
6,1,840.5683163696549,6,2,45,47,2,3,2,20,26,5,2
6,1,842.2413276688397,7,2,46,45,2,1,3,26,20,5,2
6,2,818.3560874255327,8,2,42,40,1,3,1,17,17,5,2
6,2,872.9634985685515,9,2,51,49,1,3,1,27,27,5,2
6,2,1084.4062263594487,10,2,32,54,2,2,3,5,33,5,2
6,2,736.225776363208,11,4,106,108,1,1,3,25,25,5,2
6,2,1045.0408261965777,13,4,100,101,1,1,2,14,14,5,2
6,2,777.0076822068813,14,4,96,97,2,3,1,6,7,5,2
6,2,942.2904956923944,16,4,116,120,2,2,3,31,35,5,2
6,2,1148.8403977473072,17,4,111,110,1,3,2,28,28,5,2
6,1,1101.819251858496,18,4,113,112,1,2,1,30,30,5,2
6,1,1093.9927076438453,20,4,91,92,1,1,2,1,1,5,2
6,1,581.7334225440277,21,1,7,12,2,1,3,12,13,5,2
6,2,1278.6285108917104,22,1,15,13,1,3,1,24,24,5,2
6,1,1483.9190450133055,23,1,16,17,1,1,2,29,29,5,2
6,1,819.8934716299649,24,1,27,1,2,3,1,38,2,5,2
6,1,1038.1391227925221,25,1,22,8,2,1,2,34,12,5,2
6,1,1140.927674148528,26,1,11,27,2,2,3,13,38,5,2
6,2,771.2287251815238,27,1,29,28,1,2,1,40,40,5,2
6,2,731.5101592944227,28,1,3,22,2,3,1,2,34,5,2
6,2,1016.7532571709917,29,1,19,21,1,1,3,32,32,5,2
6,1,699.8069745233231,30,1,5,6,1,2,3,4,4,5,2
6,2,1184.4368972398142,31,3,72,71,1,3,2,16,16,5,2
6,2,785.7104985668731,32,3,79,87,2,1,3,21,23,5,2
6,1,984.9817335844526,33,3,74,63,2,2,3,18,3,5,2
6,2,1433.1570230911207,34,3,83,81,2,2,3,22,21,5,2
6,2,1320.6435274781898,35,3,64,66,1,1,3,9,9,5,2
6,2,765.7448959602335,36,3,67,69,1,1,3,10,10,5,2
6,2,1174.3625890092894,37,3,88,89,1,1,2,36,36,5,2
6,1,841.3588016837529,38,3,78,76,1,3,1,19,19,5,2
6,1,1243.4286217664348,39,3,62,75,2,2,3,3,18,5,2
6,1,787.4459786586742,40,3,87,83,2,3,2,23,22,5,2
6,2,677.1281311677209,41,1,17,18,1,2,3,29,29,5,2
6,2,1042.3104610472194,42,1,1,29,2,1,2,2,40,5,2
6,2,884.1143396548114,43,1,6,5,1,3,2,4,4,5,2
6,1,955.5496054712661,44,1,14,13,1,2,1,24,24,5,2
6,1,1117.9397956088694,45,1,27,2,2,3,2,38,2,5,2
6,1,995.1734773733572,46,1,9,25,2,3,1,12,38,5,2
6,2,913.943425934572,47,1,10,11,1,1,2,13,13,5,2
6,2,1102.1487246530369,48,1,28,21,2,1,3,40,32,5,2
6,1,1126.9709911638602,49,1,19,8,2,1,2,32,12,5,2
6,1,1076.7024962303221,50,1,23,24,1,2,3,34,34,5,2
6,2,1077.3866497124336,51,4,118,98,2,1,2,35,7,5,2
6,1,684.7755581473177,52,4,109,111,1,1,3,28,28,5,2
6,2,904.2394196733233,53,4,107,118,2,2,1,25,35,5,2
6,2,1476.703033891451,54,4,104,105,1,2,3,15,15,5,2
6,2,1022.4027743359566,55,4,93,106,2,3,1,1,25,5,2
6,2,736.8908343438493,56,4,98,114,2,2,3,7,30,5,2
6,2,905.7126395196381,57,4,114,91,2,3,1,30,1,5,2
6,2,662.9599557108063,58,4,102,100,1,3,1,14,14,5,2
6,2,1205.2889221933215,59,4,115,116,1,1,2,31,31,5,2
6,1,1535.7305470837955,60,4,94,95,1,1,2,6,6,5,2
6,2,1799.4815721832488,61,2,38,39,1,2,3,11,11,5,2
6,2,924.4395102553798,62,2,48,32,2,3,2,26,5,5,2
6,1,1087.600801418395,63,2,34,35,1,1,2,8,8,5,2
6,1,1063.2456840799505,64,2,60,49,2,3,1,39,27,5,2
6,1,986.0339254485411,65,2,56,57,1,2,3,37,37,5,2
6,1,809.8448545629834,66,2,45,59,2,3,2,20,39,5,2
6,2,1052.6344583625503,67,2,40,42,1,1,3,17,17,5,2
6,1,1178.2452445918093,68,2,52,53,1,1,2,33,33,5,2
6,1,1242.569782282201,69,2,49,45,2,1,3,27,20,5,2
6,1,2029.881228749931,70,2,32,48,2,2,3,5,26,5,2
6,2,1260.1389678759692,71,3,74,75,1,2,3,18,18,5,2
6,1,1404.3666917340447,72,3,87,70,2,3,1,23,16,5,2
6,2,1632.0857484614417,73,3,62,63,1,2,3,3,3,5,2
6,2,1447.6759879349795,74,3,82,69,2,1,3,22,10,5,2
6,2,635.6348857457008,75,3,67,87,2,1,3,10,23,5,2
6,1,1030.4332652504522,76,3,79,84,2,1,3,21,22,5,2
6,2,2047.3134554860671,77,3,72,79,2,3,1,16,21,5,2
6,1,1554.5889632297374,78,3,88,89,1,1,2,36,36,5,2
6,1,1023.3539186885498,79,3,65,66,1,2,3,9,9,5,2
6,2,1030.930361107589,80,3,78,77,1,3,2,19,19,5,2
7,1,1123.9239325311692,1,4,112,92,2,1,2,30,1,5,2
7,2,968.1759472935158,2,4,98,102,2,2,3,7,14,5,2
7,1,1038.6472937382428,3,4,108,106,1,3,1,25,25,5,2
7,2,1390.6045239665598,4,4,120,118,1,3,1,35,35,5,2
7,2,1209.6342684132896,5,4,95,96,1,2,3,6,6,5,2
7,1,2102.781845062578,6,4,115,117,1,1,3,31,31,5,2
7,1,1049.5283917811719,7,4,102,109,2,3,1,14,28,5,2
7,1,1018.9617116377988,8,4,110,114,2,2,3,28,30,5,2
7,2,1428.0322145726452,9,4,103,104,1,1,2,15,15,5,2
7,1,1473.71913644886,10,4,91,99,2,1,3,1,7,5,2
7,2,1608.994866027419,11,1,30,2,2,3,2,40,2,5,2
7,1,1261.1220795078655,12,1,10,12,1,1,3,13,13,5,2
7,2,1458.8162079026324,13,1,13,8,2,1,2,24,12,5,2
7,2,1132.5010017108507,14,1,23,24,1,2,3,34,34,5,2
7,1,1137.8057759886983,15,1,17,18,1,2,3,29,29,5,2
7,1,1663.6821594546832,16,1,8,4,2,2,1,12,4,5,2
7,1,1014.4272642531537,17,1,4,14,2,1,2,4,24,5,2
7,2,942.0991250996958,18,1,3,29,2,3,2,2,40,5,2
7,2,829.228213038198,19,1,21,20,1,3,2,32,32,5,2
7,1,1168.6500937372746,20,1,25,26,1,1,2,38,38,5,2
7,1,1028.8770055164573,21,2,31,32,1,1,2,5,5,5,2
7,1,963.6635097605658,22,2,41,42,1,2,3,17,17,5,2
7,2,823.0750301292894,23,2,60,52,2,3,1,39,33,5,2
7,1,1308.4273353705548,24,2,49,51,1,1,3,27,27,5,2
7,2,1120.8263150041396,25,2,53,57,2,2,3,33,37,5,2
7,2,1071.2953421343789,26,2,57,43,2,3,1,37,20,5,2
7,1,1478.937832544536,27,2,46,59,2,1,2,26,39,5,2
7,1,465.7828691325126,28,2,44,48,2,2,3,20,26,5,2
7,1,1092.2221520782116,29,2,34,36,1,1,3,8,8,5,2
7,2,1519.3611349197827,30,2,39,38,1,3,2,11,11,5,2
7,2,610.6003420263717,31,3,90,68,2,3,2,36,10,5,2
7,2,670.50776236933,32,3,73,75,1,1,3,18,18,5,2
7,1,1201.8956643558931,33,3,62,78,2,2,3,3,19,5,2
7,2,1101.4092245864274,34,3,85,86,1,1,2,23,23,5,2
7,2,869.9420645393699,35,3,69,71,2,3,2,10,16,5,2
7,2,1094.7903041911982,36,3,76,63,2,1,3,19,3,5,2
7,1,613.5329782927101,38,3,80,79,1,2,1,21,21,5,2
7,1,887.7681770190625,39,3,66,65,1,3,2,9,9,5,2
7,1,888.6087843760627,43,4,112,110,2,1,2,30,28,5,2
7,2,832.8994467686155,44,4,117,115,1,3,1,31,31,5,2
7,2,1014.5583026843428,45,4,97,98,1,1,2,7,7,5,2
7,1,655.1770807082362,46,4,106,93,2,1,3,25,1,5,2
7,2,874.89328907239906,47,4,104,108,2,2,3,15,25,5,2
7,2,874.3736680058307,48,4,96,95,1,3,2,6,6,5,2
7,1,736.7332860509382,49,4,120,119,1,3,2,35,35,5,2
7,1,867.946197654795,52,2,41,42,1,2,3,17,17,5,2
7,1,875.7070475524739,53,2,46,47,1,1,2,26,26,5,2
7,1,744.4084863503906,54,2,32,33,1,2,3,5,5,5,2
7,1,863.711934006397,55,2,37,36,2,1,3,11,8,5,2
7,1,1028.1106918905907,56,2,45,43,1,3,1,20,20,5,2
7,2,1610.0987237736372,57,2,52,59,2,1,2,33,39,5,2
7,2,746.7990414441771,58,2,55,56,1,1,2,37,37,5,2
7,2,1354.9123515882202,59,2,60,53,2,3,2,39,33,5,2
7,2,1034.7955225826208,60,2,35,49,2,2,1,8,27,5,2
7,1,1846.500136423652,61,3,70,80,2,1,2,16,21,5,2
7,2,920.700109810025,62,3,86,87,1,2,3,23,23,5,2
7,2,1258.6865561357658,63,3,69,83,2,3,2,10,22,5,2
7,2,1703.1991476582016,64,3,81,70,2,3,1,21,16,5,2
7,1,1641.9020394133536,65,3,66,65,1,3,2,9,9,5,2
7,2,1129.4120253519882,66,3,77,67,2,2,1,19,10,5,2
7,2,1691.3193976584134,67,3,61,62,1,1,2,3,3,5,2
7,2,756.2217218944919,68,3,83,78,2,2,3,22,19,5,2
7,1,847.9721191867169,69,3,73,75,1,1,3,18,18,5,2
7,1,1113.0560377107854,70,3,88,90,1,1,3,36,36,5,2
7,2,956.3050085704247,71,1,6,4,1,3,1,4,4,5,2
7,1,887.3420095157032,72,1,10,12,1,1,3,13,13,5,2
7,1,1217.7993752843145,73,1,7,9,1,1,3,12,12,5,2
7,1,877.2256895936114,74,1,24,28,2,3,1,34,40,5,2
7,2,905.9480377846396,75,1,16,27,2,1,3,29,38,5,2
7,2,1500.378701885509,76,1,25,14,2,1,2,38,24,5,2
7,2,894.913103774745,77,1,30,17,2,3,2,40,29,5,2
7,1,1021.6916517381014,78,1,2,3,1,2,3,2,2,5,2
7,2,1538.4284659264654,80,1,14,22,2,2,1,24,34,5,2
8,1,995.3675337124021,1,2,46,39,2,1,3,26,11,5,2
8,1,1113.7489671480616,2,2,58,60,1,1,3,39,39,5,2
8,1,871.1690855157852,3,2,33,32,1,3,2,5,5,5,2
8,2,1486.3270768280354,4,2,36,35,1,3,2,8,8,5,2
8,2,1324.2891101204566,5,2,50,51,1,2,3,27,27,5,2
8,2,856.6891485230768,6,2,52,45,2,1,3,33,20,5,2
8,1,1298.0687390451073,7,2,55,57,1,1,3,37,37,5,2
8,1,1009.8987022750696,8,2,41,52,2,2,1,17,33,5,2
8,1,753.5674990763337,9,2,44,42,2,2,3,20,17,5,2
8,1,1285.564099664789,10,2,39,46,2,3,1,11,26,5,2
8,1,1015.4152794345559,11,1,25,20,2,1,2,38,32,5,2
8,2,1085.22597527525,12,1,19,27,2,1,3,32,38,5,2
8,2,1249.4332304245604,13,1,16,23,2,1,2,29,34,5,2
8,1,1082.3808930250705,14,1,15,14,1,3,2,24,24,5,2
8,1,1340.8772627440726,15,1,30,17,2,3,2,40,29,5,2
8,2,996.4246696303034,16,1,23,30,2,2,3,34,40,5,2
8,1,890.9531205243328,17,1,7,8,1,1,2,12,12,5,2
8,2,1055.2966252501067,18,1,6,4,1,3,1,4,4,5,2
8,2,1033.067465128543,19,1,2,1,1,2,1,2,2,5,2
8,1,1260.3265237073426,20,1,11,10,1,2,1,13,13,5,2
8,1,1262.1739433644698,21,4,94,95,1,1,2,6,6,5,2
8,2,1462.2506941978481,22,4,108,107,1,3,2,25,25,5,2
8,1,1339.8037642698214,23,4,117,118,2,3,1,31,35,5,2
8,2,1158.4703350679843,24,4,104,103,1,2,1,15,15,5,2
8,2,1495.0073686934434,25,4,93,91,1,3,1,1,1,5,2
8,1,1019.104923804396,26,4,100,111,2,1,3,14,28,5,2
8,1,1419.753031856353,27,4,97,99,1,1,3,7,7,5,2
8,1,1343.2964805746522,28,4,119,117,2,2,3,35,31,5,2
8,1,1269.655052352988,29,4,109,113,2,1,2,28,30,5,2
8,1,1577.2721528278846,30,4,113,102,2,2,3,30,14,5,2
8,1,1458.0680574585083,31,3,66,65,1,3,2,9,9,5,2
8,1,981.3510300546566,32,3,85,89,2,1,2,23,36,5,2
8,1,1019.0909465470233,33,3,63,62,1,3,2,3,3,5,2
8,2,1281.6704650624968,34,3,83,72,2,2,3,22,16,5,2
8,1,1463.7593650747672,35,3,73,74,1,1,2,18,18,5,2
8,1,995.8886821760236,36,3,80,79,1,2,1,21,21,5,2
8,1,1541.4377249453612,37,3,72,82,2,3,1,16,22,5,2
8,1,1255.9848515897918,38,3,77,85,2,2,1,19,23,5,2
8,2,1326.0584209351375,39,3,88,78,2,1,3,36,19,5,2
8,2,1396.7237876259387,40,3,67,69,1,1,3,10,10,5,2
8,2,1195.9728635649367,41,1,20,19,1,2,1,32,32,5,2
8,1,1020.8977111684319,42,1,29,28,1,2,1,40,40,5,2
8,1,1069.4845218393807,43,1,13,24,2,1,3,24,34,5,2
8,1,1627.4273389339842,45,1,6,7,2,3,1,4,12,5,2
8,1,1493.4499965839195,46,1,7,5,2,1,2,12,4,5,2
8,1,1806.835587903082,47,1,24,17,2,3,2,34,29,5,2
8,2,1156.4131669668673,48,1,16,14,2,1,2,29,24,5,2
8,2,1506.7754207491798,49,1,3,1,1,3,1,2,2,5,2
8,2,2540.6755148053517,50,1,10,12,1,1,3,13,13,5,2
8,2,1575.35764195777,51,2,34,47,2,1,2,8,26,5,2
8,1,1066.0803731535816,52,2,44,52,2,2,1,20,33,5,2
8,2,1186.8853588061743,53,2,31,45,2,1,3,5,20,5,2
8,1,1010.5816388996672,54,2,40,41,1,1,2,17,17,5,2
8,2,1374.3261169642212,55,2,53,34,2,2,1,33,8,5,2
8,2,1155.6714559648672,56,2,57,56,1,3,2,37,37,5,2
8,1,981.6416685682248,57,2,58,59,1,1,2,39,39,5,2
8,1,981.718576988774,58,2,38,39,1,2,3,11,11,5,2
8,1,1425.1803900540262,59,2,48,31,2,3,1,26,5,5,2
8,2,1927.406117609169,60,2,51,49,1,3,1,27,27,5,2
8,1,1565.7979253721246,61,4,109,110,1,1,2,28,28,5,2
8,1,1014.6024260601404,62,4,120,112,2,3,1,35,30,5,2
8,1,1144.881267155974,63,4,107,102,2,2,3,25,14,5,2
8,2,1051.5608432526803,64,4,115,116,1,1,2,31,31,5,2
8,2,1666.503533804701,65,4,112,92,2,1,2,30,1,5,2
8,2,2084.655989017525,66,4,96,94,1,3,1,6,6,5,2
8,1,842.7431796104877,67,4,104,105,1,2,3,15,15,5,2
8,2,2228.697656256364,68,4,97,98,1,1,2,7,7,5,2
8,1,2042.067177182751,69,4,93,107,2,3,2,1,25,5,2
8,2,1865.429033884216,70,4,101,118,2,2,1,14,35,5,2
8,1,1263.1281606082348,71,3,85,86,1,1,2,23,23,5,2
8,1,1294.970423768963,72,3,62,90,2,2,3,3,36,5,2
8,2,1210.9424829418633,73,3,66,76,2,3,1,9,19,5,2
8,2,1102.2691138900766,74,3,79,81,1,1,3,21,21,5,2
8,2,1088.7342932768577,75,3,90,64,2,3,1,36,9,5,2
8,2,1236.4420100671591,76,3,67,62,2,1,2,10,3,5,2
8,1,825.87834639735,77,3,82,83,1,1,2,22,22,5,2
8,1,1287.437616194869,78,3,71,70,1,2,1,16,16,5,2
8,1,1371.2826119914826,79,3,75,73,1,3,1,18,18,5,2
8,2,887.1413897343491,80,3,77,67,2,2,1,19,10,5,2
9,2,1175.959239370417,1,1,11,30,2,2,3,13,40,5,2
9,2,1418.0449542672263,2,1,18,16,1,3,1,29,29,5,2
9,1,1107.7132607649835,3,1,3,11,2,3,2,2,13,5,2
9,1,1498.833365976219,4,1,28,27,2,1,3,40,38,5,2
9,1,835.3078939886277,5,1,25,21,2,1,3,38,32,5,2
9,2,1419.1545606459695,6,1,4,5,1,1,2,4,4,5,2
9,2,836.3636100168922,7,1,23,22,1,2,1,34,34,5,2
9,1,1543.8258877408962,8,1,13,15,1,1,3,24,24,5,2
9,2,949.0481847596545,9,1,21,2,2,3,2,32,2,5,2
9,2,1175.2264112544103,10,1,8,7,1,2,1,12,12,5,2
9,2,1004.8183329287876,11,3,86,87,1,2,3,23,23,5,2
9,1,1305.093455896506,12,3,70,62,2,1,2,16,3,5,2
9,2,902.7033516907088,13,3,64,65,1,1,2,9,9,5,2
9,1,2005.607075049658,14,3,84,82,1,3,1,22,22,5,2
9,1,2005.839497001515,15,3,88,90,1,1,3,36,36,5,2
9,1,906.4659198992163,16,3,77,78,1,2,3,19,19,5,2
9,1,1856.1932498690026,17,3,63,73,2,3,1,3,18,5,2
9,2,1554.0749405598963,18,3,75,67,2,3,1,18,10,5,2
9,1,1355.718298344672,19,3,80,70,2,2,1,21,16,5,2
9,1,1012.7870682893038,20,3,67,81,2,1,3,10,21,5,2
9,2,1337.7734798677004,21,1,27,26,1,3,2,38,38,5,2
9,1,1736.5012545159934,22,1,4,5,1,1,2,4,4,5,2
9,1,906.1624581877988,23,1,23,22,1,2,1,34,34,5,2
9,2,1398.9494297585854,24,1,7,17,2,1,2,12,29,5,2
9,1,955.3933672427183,25,1,10,14,2,1,2,13,24,5,2
9,1,1774.2819943871311,26,1,21,7,2,3,1,32,12,5,2
9,2,1548.5715291276056,27,1,14,10,2,2,1,24,13,5,2
9,1,1219.6220653008686,28,1,18,19,2,3,1,29,32,5,2
9,2,1314.904493039979,29,1,2,1,1,2,1,2,2,5,2
9,1,1464.9255072060387,30,1,28,29,1,1,2,40,40,5,2
9,2,1505.537224381685,31,4,97,114,2,1,3,7,30,5,2
9,2,1520.6088457122605,32,4,119,118,1,2,1,35,35,5,2
9,1,1033.7221485799316,33,4,92,96,2,2,3,1,6,5,2
9,1,1870.6524879588355,34,4,112,98,2,1,2,30,7,5,2
9,2,1651.39140171984,35,4,101,102,1,2,3,14,14,5,2
9,1,1516.912510168016,36,4,115,117,1,1,3,31,31,5,2
9,1,1488.1392103351493,37,4,96,104,2,3,2,6,15,5,2
9,2,784.0085585098648,38,4,111,109,1,3,1,28,28,5,2
9,2,1010.130144699135,39,4,108,107,1,3,2,25,25,5,2
9,1,1845.6542558848996,40,4,103,93,2,1,3,15,1,5,2
9,2,1198.4357107412338,41,2,52,33,2,1,3,33,5,5,2
9,1,1544.5674928807332,42,2,57,52,2,3,1,37,33,5,2
9,1,1330.266481841065,43,2,58,56,2,1,2,39,37,5,2
9,1,972.5832976169108,44,2,40,42,1,1,3,17,17,5,2
9,1,1228.8712794890464,45,2,45,43,1,3,1,20,20,5,2
9,2,855.7804520164524,46,2,32,46,2,2,1,5,26,5,2
9,1,2119.5772642671177,48,2,39,38,1,3,2,11,11,5,2
9,1,1010.979144477076,49,2,47,60,2,2,3,26,39,5,2
9,2,1314.4538333062014,50,2,50,49,1,2,1,27,27,5,2
9,2,1586.3129316561324,51,3,84,83,1,3,2,22,22,5,2
9,1,1146.3712185932372,53,3,70,72,1,1,3,16,16,5,2
9,1,1553.1794256155213,54,3,74,69,2,2,3,18,10,5,2
9,2,1476.116804387669,55,3,67,80,2,1,2,10,21,5,2
9,2,1118.3821969484575,56,3,78,88,2,3,1,19,36,5,2
9,2,1942.830485236082,57,3,64,65,1,1,2,9,9,5,2
9,2,1499.5918048090914,58,3,80,76,2,2,1,21,19,5,2
9,1,1038.8147664033145,59,3,87,86,1,3,2,23,23,5,2
9,1,1218.3970799595322,60,3,88,74,2,1,2,36,18,5,2
9,2,833.7534801059314,61,2,37,51,2,1,3,11,27,5,2
9,2,1177.35333605002,62,2,44,45,1,2,3,20,20,5,2
9,1,1571.2830160291714,63,2,46,36,2,1,3,26,8,5,2
9,1,2085.6522687578563,64,2,58,60,1,1,3,39,39,5,2
9,1,997.3566275948704,65,2,35,48,2,2,3,8,26,5,2
9,1,969.505219607292,66,2,51,55,2,3,1,27,37,5,2
9,2,2387.2470789426734,68,2,57,37,2,3,1,37,11,5,2
9,1,1303.1833574144339,69,2,42,41,1,3,2,17,17,5,2
9,2,1191.9202955427968,70,2,52,54,1,1,3,33,33,5,2
9,2,897.0450944152797,72,4,91,93,1,1,3,1,1,5,2
9,1,1660.959397438633,73,4,100,95,2,1,2,14,6,5,2
9,1,979.1139630223201,74,4,119,114,2,2,3,35,30,5,2
9,2,1022.1657593732087,75,4,112,110,2,1,2,30,28,5,2
9,2,872.9026262440968,76,4,103,105,1,1,3,15,15,5,2
9,1,978.2705005756591,77,4,110,102,2,2,3,28,14,5,2
9,2,1617.6725370639194,78,4,99,98,1,3,2,7,7,5,2
9,1,1202.153452937808,79,4,116,115,1,2,1,31,31,5,2
9,2,1995.4997558660086,80,4,108,106,1,3,1,25,25,5,2
10,1,1656.2946743366044,1,3,87,85,1,3,1,23,23,5,2
10,2,1213.3463258077131,2,3,81,68,2,3,2,21,10,5,2
10,2,1100.9325623213315,3,3,88,89,1,1,2,36,36,5,2
10,2,1012.5317295285457,4,3,64,81,2,1,3,9,21,5,2
10,2,1460.3232492282866,5,3,71,61,2,2,1,16,3,5,2
10,2,1141.5185608212496,6,3,61,66,2,1,3,3,9,5,2
10,1,1143.844385886472,7,3,76,78,1,1,3,19,19,5,2
10,1,1369.3268695786073,8,3,84,83,1,3,2,22,22,5,2
10,2,1357.556621604213,9,3,68,72,2,2,3,10,16,5,2
10,2,1224.5695657598756,10,3,74,73,1,2,1,18,18,5,2
10,1,1588.7745881943058,11,2,60,47,2,3,2,39,26,5,2
10,1,2003.907284898711,12,2,53,52,1,2,1,33,33,5,2
10,1,1889.9343337490345,13,2,47,49,2,2,1,26,27,5,2
10,1,1592.02995166452,14,2,45,55,2,3,1,20,37,5,2
10,2,1623.6117344964796,15,2,39,38,1,3,2,11,11,5,2
10,2,1368.9916613832168,16,2,34,36,1,1,3,8,8,5,2
10,2,1388.2951271809222,17,2,55,60,2,1,3,37,39,5,2
10,1,1499.761645212578,18,2,50,43,2,2,1,27,20,5,2
10,1,1262.549094753351,19,2,40,42,1,1,3,17,17,5,2
10,2,1707.7186311389094,20,2,31,32,1,1,2,5,5,5,2
10,2,1588.5880992688303,21,4,119,120,1,2,3,35,35,5,2
10,1,1461.711658436554,22,4,93,100,2,3,1,1,14,5,2
10,1,1199.8119176850505,23,4,106,95,2,1,2,25,6,5,2
10,1,1559.4732741213304,24,4,115,117,1,1,3,31,31,5,2
10,1,961.1232999502795,25,4,111,109,1,3,1,28,28,5,2
10,2,912.6968511256636,26,4,104,93,2,2,3,15,1,5,2
10,2,1401.5092787440603,27,4,97,99,1,1,3,7,7,5,2
10,2,985.4869497823256,28,4,114,112,1,3,1,30,30,5,2
10,1,1285.9554364061457,29,4,101,103,2,2,1,14,15,5,2
10,2,1475.6413675656893,30,4,94,107,2,1,2,6,25,5,2
10,2,1558.6305496999375,31,2,46,47,1,1,2,26,26,5,2
10,1,942.0268068374219,32,2,52,33,2,1,3,33,5,5,2
10,1,2049.5173420781357,33,2,57,53,2,3,2,37,33,5,2
10,2,820.6408990047153,34,2,40,42,1,1,3,17,17,5,2
10,2,2216.8727762581775,35,2,58,60,1,1,3,39,39,5,2
10,2,1970.8025785165526,36,2,35,39,2,2,3,8,11,5,2
10,1,2012.7519283361773,37,2,50,49,1,2,1,27,27,5,2
10,1,1113.316103914976,38,2,39,34,2,3,1,11,8,5,2
10,2,1814.6584395903433,39,2,33,56,2,3,2,5,37,5,2
10,2,1327.2024892928978,40,2,44,43,1,2,1,20,20,5,2
10,2,1634.6931531925632,41,3,62,63,1,2,3,3,3,5,2
10,2,1684.858581880134,42,3,76,78,1,1,3,19,19,5,2
10,1,2328.504924304004,43,3,82,83,1,1,2,22,22,5,2
10,2,1661.9269674592103,44,3,89,69,2,2,3,36,10,5,2
10,1,1185.4764373491357,45,3,66,74,2,3,2,9,18,5,2
10,1,1579.3347914116666,46,3,67,90,2,1,3,10,36,5,2
10,1,2694.8849627848704,47,3,73,71,2,1,2,18,16,5,2
10,2,2973.7610089924588,48,3,71,66,2,2,3,16,9,5,2
10,2,2562.3195039249754,49,3,81,80,1,3,2,21,21,5,2
10,1,1443.8571492817769,50,3,87,86,1,3,2,23,23,5,2
10,1,1554.514399871418,51,1,5,6,1,2,3,4,4,5,2
10,2,1238.219743432573,52,1,30,29,1,3,2,40,40,5,2
10,2,1259.4549490179916,53,1,25,26,1,1,2,38,38,5,2
10,2,2950.6599768496185,54,1,14,15,1,2,3,24,24,5,2
10,1,2875.006321221215,55,1,21,10,2,3,1,32,13,5,2
10,2,1513.163865578379,56,1,17,21,2,2,3,29,32,5,2
10,2,1458.1922457056173,57,1,12,7,2,3,1,13,12,5,2
10,1,1297.7220311206543,58,1,22,23,1,1,2,34,34,5,2
10,1,1485.8307956659378,59,1,7,2,2,1,2,12,2,5,2
10,2,1022.7106173358766,60,1,1,18,2,1,3,2,29,5,2
10,2,1075.2062502676968,61,4,106,108,1,1,3,25,25,5,2
10,2,2041.4532747432927,62,4,101,100,1,2,1,14,14,5,2
10,1,2295.6601833868544,63,4,94,117,2,1,3,6,31,5,2
10,1,1465.0533412207353,64,4,109,96,2,1,3,28,6,5,2
10,1,1750.7183919503311,65,4,99,103,2,3,1,7,15,5,2
10,2,1741.5868481279122,66,4,120,118,1,3,1,35,35,5,2
10,2,1738.139818913944,67,4,92,91,1,2,1,1,1,5,2
10,2,1281.6754395754808,68,4,113,114,1,2,3,30,30,5,2
10,1,1313.716025845922,69,4,117,110,2,3,2,31,28,5,2
10,1,1731.156832678064,70,4,103,98,2,1,2,15,7,5,2
10,1,1055.6997045437593,71,1,23,13,2,2,1,34,24,5,2
10,1,1246.5730945051878,72,1,8,9,1,2,3,12,12,5,2
10,2,1483.6610091854004,73,1,13,2,2,1,2,24,2,5,2
10,1,2400.0736977678152,74,1,21,19,1,3,1,32,32,5,2
10,2,895.0042216443823,75,1,30,5,2,3,2,40,4,5,2
10,2,888.5119561264258,76,1,16,17,1,1,2,29,29,5,2
10,2,1316.8387388850792,77,1,25,26,1,1,2,38,38,5,2
10,2,1129.8215274176712,78,1,10,12,1,1,3,13,13,5,2
10,2,1108.0682036698968,79,1,5,28,2,2,1,4,40,5,2
10,1,2140.2877556344793,80,1,3,22,2,3,1,2,34,5,2
11,2,1216.1987006711918,1,4,110,118,2,2,1,28,35,5,2
11,1,889.5447211328155,2,4,116,115,1,2,1,31,31,5,2
11,1,1894.9915925852501,3,4,95,109,2,2,1,6,28,5,2
11,2,1773.396990815873,4,4,105,104,1,3,2,15,15,5,2
11,2,1792.5496808423707,5,4,112,95,2,1,2,30,6,5,2
11,2,944.5074420355357,6,4,97,98,1,1,2,7,7,5,2
11,1,1583.6658770154,7,4,108,112,2,3,1,25,30,5,2
11,1,1020.104757349481,8,4,118,108,2,1,3,35,25,5,2
11,2,824.717294040483,9,4,102,101,1,3,2,14,14,5,2
11,1,1590.6079271156575,10,4,91,92,1,1,2,1,1,5,2
11,1,829.4664532739706,11,2,47,48,1,2,3,26,26,5,2
11,1,954.4187328809423,12,2,54,53,1,3,2,33,33,5,2
11,2,833.1273791051335,13,2,56,36,2,2,3,37,8,5,2
11,2,1035.9069387228296,14,2,33,32,1,3,2,5,5,5,2
11,2,1100.8688393548828,15,2,37,51,2,1,3,11,27,5,2
11,1,1026.6839598377667,16,2,45,38,2,3,2,20,11,5,2
11,2,916.7295264129174,17,2,58,59,1,1,2,39,39,5,2
11,1,805.6303352921686,18,2,34,57,2,1,3,8,37,5,2
11,2,702.205861956841,19,2,49,45,2,1,3,27,20,5,2
11,1,1725.6546596499024,20,2,41,42,1,2,3,17,17,5,2
11,2,1953.8913322437897,21,1,29,18,2,2,3,40,29,5,2
11,2,2152.0358704745645,22,1,22,24,1,1,3,34,34,5,2
11,1,722.9014771709927,23,1,16,5,2,1,2,29,4,5,2
11,2,834.6161722715317,24,1,14,19,2,2,1,24,32,5,2
11,1,1212.4491644496293,25,1,19,29,2,1,2,32,40,5,2
11,1,1087.7095976526268,26,1,3,2,1,3,2,2,2,5,2
11,1,1149.9974014633722,27,1,5,13,2,2,1,4,24,5,2
11,2,2065.8681039403577,28,1,12,11,1,3,2,13,13,5,2
11,2,1212.8015773911413,29,1,7,8,1,1,2,12,12,5,2
11,1,871.6148656788835,30,1,27,25,1,3,1,38,38,5,2
11,2,769.0223415732867,31,3,78,86,2,3,2,19,23,5,2
11,2,1127.4362524219807,32,3,65,64,1,2,1,9,9,5,2
11,2,1901.2058825374488,33,3,85,74,2,1,2,23,18,5,2
11,1,683.2951862703395,34,3,70,83,2,1,2,16,22,5,2
11,2,815.6743795959698,35,3,61,62,1,1,2,3,3,5,2
11,1,1005.9525389035495,36,3,75,76,2,3,1,18,19,5,2
11,1,1346.3031645301808,37,3,67,69,1,1,3,10,10,5,2
11,2,888.1136853527278,38,3,80,81,1,2,3,21,21,5,2
11,2,1260.263684932729,39,3,90,89,1,3,2,36,36,5,2
11,1,1226.500748509771,40,3,83,72,2,2,3,22,16,5,2
11,1,1221.9065772483448,41,4,114,94,2,3,1,30,6,5,2
11,2,1531.4965885601446,42,4,103,105,1,1,3,15,15,5,2
11,2,1621.7364673795,43,4,101,99,2,2,3,14,7,5,2
11,1,1384.5765633964581,44,4,118,119,1,1,2,35,35,5,2
11,1,978.6403626910605,45,4,91,93,1,1,3,1,1,5,2
11,1,922.5288688385265,46,4,109,110,1,1,2,28,28,5,2
11,2,1370.66973756351,47,4,95,102,2,2,3,6,14,5,2
11,1,1161.5149442173251,48,4,99,115,2,3,1,7,31,5,2
11,1,1371.6177065493484,49,4,116,112,2,2,1,31,30,5,2
11,1,805.370212282068,50,4,108,106,1,3,1,25,25,5,2
11,2,1317.767381225557,51,1,15,28,2,3,1,24,40,5,2
11,2,1595.695416627501,52,1,29,10,2,2,1,40,13,5,2
11,2,1351.0804842081027,53,1,10,3,2,1,3,13,2,5,2
11,1,1113.3018688577838,54,1,22,14,2,1,2,34,24,5,2
11,2,942.5977863966499,55,1,25,26,1,1,2,38,38,5,2
11,2,1133.3647179436086,56,1,17,16,1,2,1,29,29,5,2
11,2,1260.5540592294738,57,1,9,8,1,3,2,12,12,5,2
11,1,740.9019798831604,58,1,4,5,1,1,2,4,4,5,2
11,2,1355.8920093581296,59,1,20,19,1,2,1,32,32,5,2
11,2,1096.7975714464515,60,1,3,23,2,3,2,2,34,5,2
11,2,1162.5145001597803,61,3,65,66,1,2,3,9,9,5,2
11,2,1046.1600022419761,62,3,69,88,2,3,1,10,36,5,2
11,1,891.8082918849433,63,3,85,86,1,1,2,23,23,5,2
11,2,945.4898981330181,64,3,90,68,2,3,2,36,10,5,2
11,2,962.5544639616479,65,3,74,73,1,2,1,18,18,5,2
11,1,1470.9345382737915,66,3,61,77,2,1,2,3,19,5,2
11,2,1361.8871593074607,67,3,84,82,1,3,1,22,22,5,2
11,2,1400.807798627151,68,3,77,72,2,2,3,19,16,5,2
11,2,828.9315198069335,69,3,79,80,1,1,2,21,21,5,2
11,1,1252.524532008663,70,3,70,62,2,1,2,16,3,5,2
11,1,1203.7643118748242,71,2,47,46,1,2,1,26,26,5,2
11,1,759.607973418443,72,2,56,55,1,2,1,37,37,5,2
11,1,703.1996445420491,73,2,37,39,1,1,3,11,11,5,2
11,2,1003.1393075980375,74,2,42,50,2,3,2,17,27,5,2
11,1,1318.2388203287953,75,2,53,34,2,2,1,33,8,5,2
11,1,1202.8278421245516,76,2,34,33,2,1,3,8,5,5,2
11,1,934.5912905392732,77,2,60,58,1,3,1,39,39,5,2
11,1,887.0977688942523,78,2,43,45,1,1,3,20,20,5,2
11,1,1273.0526253557916,79,2,51,41,2,3,2,27,17,5,2
11,1,1450.2845349339411,80,2,31,53,2,1,2,5,33,5,2
12,2,1134.2506878666106,1,4,103,104,1,1,2,15,15,5,2
12,2,1038.9468802961492,2,4,98,97,1,2,1,7,7,5,2
12,2,748.6557585354547,3,4,120,116,2,3,2,35,31,5,2
12,2,1708.5010067083801,4,4,102,119,2,3,2,14,35,5,2
12,2,1953.6979220097573,5,4,108,107,1,3,2,25,25,5,2
12,2,1229.2754704685565,6,4,95,94,1,2,1,6,6,5,2
12,1,1830.5549814227197,7,4,113,100,2,2,1,30,14,5,2
12,2,793.234392919746,8,4,109,114,2,1,3,28,30,5,2
12,2,744.5204198821448,9,4,115,110,2,1,2,31,28,5,2
12,2,1187.525709274133,10,4,91,92,1,1,2,1,1,5,2
12,2,1183.7117742055486,11,2,46,48,1,1,3,26,26,5,2
12,1,1196.8583437294592,12,2,38,49,2,2,1,11,27,5,2
12,1,1103.3147494222846,13,2,49,41,2,1,2,27,17,5,2
12,1,811.054015156725,14,2,59,60,1,2,3,39,39,5,2
12,2,1543.486292368273,15,2,53,54,1,2,3,33,33,5,2
12,1,910.040221289553,16,2,34,36,1,1,3,8,8,5,2
12,2,1237.7921669057746,17,2,43,44,1,1,2,20,20,5,2
12,2,1343.3567066009246,18,2,57,31,2,3,1,37,5,5,2
12,1,1624.6518576883968,19,2,33,37,2,3,1,5,11,5,2
12,1,1297.029493179748,20,2,42,56,2,3,2,17,37,5,2
12,1,1983.0352411785643,21,1,5,6,1,2,3,4,4,5,2
12,1,1779.6619922324744,22,1,19,29,2,1,2,32,40,5,2
12,1,1135.8166956709913,24,1,1,3,1,1,3,2,2,5,2
12,1,1228.33341432741,25,1,18,16,1,3,1,29,29,5,2
12,1,1482.9844013732688,26,1,12,19,2,3,1,13,32,5,2
12,2,1012.7238227290056,27,1,24,23,1,3,2,34,34,5,2
12,1,1600.8804835843773,28,1,25,27,1,1,3,38,38,5,2
12,1,1174.3878573194092,29,1,29,7,2,2,1,40,12,5,2
12,2,887.5359987693708,30,1,13,11,2,1,2,24,13,5,2
12,2,962.5055734784627,31,3,76,83,2,1,2,19,22,5,2
12,2,1215.019057469635,32,3,81,79,1,3,1,21,21,5,2
12,2,1009.2025930164664,33,3,82,78,2,1,3,22,19,5,2
12,1,1432.0532298187866,34,3,64,66,1,1,3,9,9,5,2
12,1,1762.9336396302526,35,3,63,61,1,3,1,3,3,5,2
12,2,1172.063211013019,36,3,90,86,2,3,2,36,23,5,2
12,1,1418.3566887538668,37,3,71,70,1,2,1,16,16,5,2
12,2,1956.2328481885916,38,3,68,88,2,2,1,10,36,5,2
12,1,1116.5603516406818,39,3,73,75,1,1,3,18,18,5,2
12,1,1066.0416442562264,40,3,86,67,2,2,1,23,10,5,2
12,2,1735.3231286626037,41,1,24,13,2,3,1,34,24,5,2
12,2,1908.0498666050996,42,1,25,27,1,1,3,38,38,5,2
12,2,1183.6972374425964,43,1,19,20,1,1,2,32,32,5,2
12,2,1126.5942684153622,44,1,7,8,1,1,2,12,12,5,2
12,1,1257.971446665171,45,1,30,28,1,3,1,40,40,5,2
12,2,984.4112986196935,46,1,11,16,2,2,1,13,29,5,2
12,2,1040.2069827372698,47,1,14,4,2,2,1,24,4,5,2
12,2,856.9769963759613,48,1,18,22,2,3,1,29,34,5,2
12,1,1143.9838296771106,49,1,4,11,2,1,2,4,13,5,2
12,1,943.6305094950276,50,1,2,3,1,2,3,2,2,5,2
12,1,1595.2643310560065,51,3,74,75,1,2,3,18,18,5,2
12,1,1019.4963032095595,52,3,80,79,1,2,1,21,21,5,2
12,2,798.8930882772618,53,3,64,87,2,1,3,9,23,5,2
12,2,1296.911011710168,54,3,87,89,2,3,2,23,36,5,2
12,1,920.6884482955052,55,3,83,84,1,2,3,22,22,5,2
12,1,1466.1238594429083,56,3,72,71,1,3,2,16,16,5,2
12,2,1253.8111598968076,57,3,88,65,2,1,2,36,9,5,2
12,1,873.9664230730842,58,3,67,63,2,1,3,10,3,5,2
12,1,1115.467777256465,59,3,61,68,2,1,2,3,10,5,2
12,2,1098.390136428041,60,3,78,77,1,3,2,19,19,5,2
12,2,1261.6658806254986,61,4,99,98,1,3,2,7,7,5,2
12,1,1142.1433641262781,62,4,108,107,1,3,2,25,25,5,2
12,1,1030.2015324740214,63,4,95,94,1,2,1,6,6,5,2
12,1,1619.355291404795,64,4,92,114,2,2,3,1,30,5,2
12,2,984.1612406382119,65,4,103,117,2,1,3,15,31,5,2
12,1,1537.2061999260238,67,4,120,119,1,3,2,35,35,5,2
12,2,1317.9573468454894,68,4,100,104,2,1,2,14,15,5,2
12,1,854.9467492796092,69,4,116,102,2,2,3,31,14,5,2
12,2,974.0533860170312,70,4,112,93,2,1,3,30,1,5,2
12,1,1819.6938611030437,71,2,57,47,2,3,2,37,26,5,2
12,1,1550.6021711381409,72,2,47,60,2,2,3,26,39,5,2
12,2,1215.1647999799488,73,2,53,54,1,2,3,33,33,5,2
12,1,991.1073485130678,74,2,58,36,2,1,3,39,8,5,2
12,2,1616.9021951829268,75,2,40,41,1,1,2,17,17,5,2
12,1,1137.3911727623422,76,2,51,50,1,3,2,27,27,5,2
12,1,1526.6374301996825,77,2,33,55,2,3,1,5,37,5,2
12,1,1037.3298443119197,78,2,34,32,2,1,2,8,5,5,2
12,2,944.8939920778444,79,2,43,44,1,1,2,20,20,5,2
12,2,1086.1717944088366,80,2,38,37,1,2,1,11,11,5,2
13,1,998.6963410424603,1,1,11,12,1,2,3,13,13,5,2
13,2,831.9339378672391,2,1,27,1,2,3,1,38,2,5,2
13,2,1006.0844312953353,3,1,2,7,2,2,1,2,12,5,2
13,2,1140.3699787671776,4,1,20,25,2,2,1,32,38,5,2
13,2,1163.6263572326773,5,1,6,5,1,3,2,4,4,5,2
13,1,1790.4597050676684,6,1,16,18,1,1,3,29,29,5,2
13,1,1088.65171512711,7,1,22,23,1,1,2,34,34,5,2
13,1,1029.5028019227243,8,1,7,15,2,1,3,12,24,5,2
13,1,1909.4110954127032,9,1,15,19,2,3,1,24,32,5,2
13,1,974.9213615123472,10,1,28,29,1,1,2,40,40,5,2
13,2,1244.0326885273894,11,4,111,109,1,3,1,28,28,5,2
13,2,987.8000130757861,12,4,97,101,2,1,2,7,14,5,2
13,1,1374.4180960979222,13,4,103,105,1,1,3,15,15,5,2
13,2,1784.3395217143793,14,4,117,115,1,3,1,31,31,5,2
13,2,1384.787703634669,15,4,101,120,2,2,3,14,35,5,2
13,2,1193.3520124309948,16,4,91,92,1,1,2,1,1,5,2
13,1,1238.7117775425993,17,4,107,96,2,2,3,25,6,5,2
13,1,1174.7138156664007,18,4,95,99,2,2,3,6,7,5,2
13,1,1266.2700702501113,19,4,118,107,2,1,2,35,25,5,2
13,2,2394.116508801315,20,4,114,113,1,3,2,30,30,5,2
13,1,910.8699474688563,21,3,69,64,2,3,1,10,9,5,2
13,2,1254.159784505557,22,3,64,81,2,1,3,9,21,5,2
13,1,891.5665657711799,23,3,73,62,2,1,2,18,3,5,2
13,2,949.6791886758069,24,3,89,88,1,2,1,36,36,5,2
13,1,918.8889429093168,25,3,78,77,1,3,2,19,19,5,2
13,1,2135.8390732031403,26,3,71,70,1,2,1,16,16,5,2
13,2,1160.701205966372,27,3,79,69,2,1,3,21,10,5,2
13,1,1028.4653363039497,28,3,61,74,2,1,2,3,18,5,2
13,2,1590.2106696119806,29,3,84,82,1,3,1,22,22,5,2
13,1,1029.6963270681017,30,3,86,87,1,2,3,23,23,5,2
13,2,1661.4033792263663,31,4,107,108,1,2,3,25,25,5,2
13,2,1350.618638960588,32,4,114,116,2,3,2,30,31,5,2
13,1,897.3331069713058,33,4,103,104,1,1,2,15,15,5,2
13,1,1062.9323582519587,34,4,119,93,2,2,3,35,1,5,2
13,2,995.5836577160758,35,4,97,99,1,1,3,7,7,5,2
13,2,1133.8132714703506,36,4,100,119,2,1,2,14,35,5,2
13,1,979.2950089421882,37,4,93,100,2,3,1,1,14,5,2
13,2,1587.007876821023,38,4,116,114,2,2,3,31,30,5,2
13,2,1045.1639830575934,39,4,96,95,1,3,2,6,6,5,2
13,1,1445.6047346078449,40,4,109,110,1,1,2,28,28,5,2
13,1,1180.9194305045926,41,2,31,48,2,1,3,5,26,5,2
13,2,1137.1083980078188,42,2,35,34,1,2,1,8,8,5,2
13,2,748.1752077311821,43,2,40,60,2,1,3,17,39,5,2
13,1,1782.9897904280479,44,2,37,38,1,1,2,11,11,5,2
13,2,1247.1155870810303,45,2,44,40,2,2,1,20,17,5,2
13,1,1338.7652775678062,46,2,48,43,2,3,1,26,20,5,2
13,2,878.6389984757403,47,2,51,49,1,3,1,27,27,5,2
13,2,1373.6494983593009,48,2,54,53,1,3,2,33,33,5,2
13,2,1377.0300866821683,49,2,59,31,2,2,1,39,5,5,2
13,2,886.0527103811537,50,2,55,57,1,1,3,37,37,5,2
13,1,860.138532062567,51,3,79,80,1,1,2,21,21,5,2
13,2,934.2343030491105,52,3,68,69,1,2,3,10,10,5,2
13,2,925.1101467718717,53,3,63,88,2,3,1,3,36,5,2
13,1,1183.6958610575966,54,3,73,72,2,1,3,18,16,5,2
13,1,2217.7462496475396,55,3,64,62,2,1,2,9,3,5,2
13,1,1227.8043681303498,56,3,87,85,1,3,1,23,23,5,2
13,1,1257.1082331715484,57,3,89,73,2,2,1,36,18,5,2
13,2,1379.120233619878,58,3,77,78,1,2,3,19,19,5,2
13,1,1268.2828085015651,59,3,82,84,1,1,3,22,22,5,2
13,2,1375.719792267535,60,3,72,64,2,3,1,16,9,5,2
13,2,898.4179038859638,61,2,45,31,2,3,1,20,5,5,2
13,1,638.4052687468056,62,2,47,48,1,2,3,26,26,5,2
13,2,810.8404289255244,63,2,49,51,1,1,3,27,27,5,2
13,1,1105.9671279217741,64,2,55,57,1,1,3,37,37,5,2
13,2,1591.296232334901,65,2,58,44,2,1,2,39,20,5,2
13,2,1376.5081563795623,66,2,40,41,1,1,2,17,17,5,2
13,2,1026.9558091719337,67,2,38,52,2,2,1,11,33,5,2
13,1,1545.670282836832,68,2,33,38,2,3,2,5,11,5,2
13,2,1305.6139482416038,69,2,36,34,1,3,1,8,8,5,2
13,2,1323.8741258609346,70,2,53,58,2,2,1,33,39,5,2
13,1,1341.599905540154,71,1,16,17,1,1,2,29,29,5,2
13,2,1631.2179876890361,72,1,1,6,2,1,3,2,4,5,2
13,1,1510.3729998527624,73,1,5,3,2,2,3,4,2,5,2
13,2,980.417750973514,74,1,21,20,1,3,2,32,32,5,2
13,2,1232.2300037937018,75,1,22,23,1,1,2,34,34,5,2
13,2,901.5393293961777,76,1,15,13,1,3,1,24,24,5,2
13,2,1164.5886592195561,77,1,26,27,1,2,3,38,38,5,2
13,1,2583.5407541795876,78,1,30,8,2,3,2,40,12,5,2
13,2,1336.757917048637,79,1,8,12,2,2,3,12,13,5,2
13,1,1072.6532260014928,80,1,10,30,2,1,3,13,40,5,2
14,2,1065.618298346883,1,4,100,120,2,1,3,14,35,5,2
14,1,1522.7020685145271,2,4,112,114,1,1,3,30,30,5,2
14,1,761.8884807045824,3,4,96,95,1,3,2,6,6,5,2
14,2,1497.5438215521992,4,4,91,93,1,1,3,1,1,5,2
14,1,816.2360525784093,5,4,97,111,2,1,3,7,28,5,2
14,1,726.8722388028581,6,4,111,97,2,3,1,28,7,5,2
14,1,929.3163456046864,7,4,104,102,2,2,3,15,14,5,2
14,1,717.9846825077606,8,4,116,115,1,2,1,31,31,5,2
14,2,1408.1178251464594,9,4,119,103,2,2,1,35,15,5,2
14,1,821.3440576845189,10,4,108,107,1,3,2,25,25,5,2
14,2,935.9028514673512,11,3,82,87,2,1,3,22,23,5,2
14,2,2704.376441928326,12,3,67,69,1,1,3,10,10,5,2
14,2,1622.9521494512796,13,3,65,64,1,2,1,9,9,5,2
14,1,1569.3644362483624,14,3,88,90,1,1,3,36,36,5,2
14,1,732.3919976908967,15,3,75,79,2,3,1,18,21,5,2
14,2,1314.6968795078606,16,3,86,63,2,2,3,23,3,5,2
14,2,991.9368014114141,17,3,78,76,1,3,1,19,19,5,2
14,2,943.8838785287835,18,3,62,82,2,2,1,3,22,5,2
14,1,816.7657905711405,19,3,72,70,1,3,1,16,16,5,2
14,1,1407.0074696976567,20,3,79,75,2,1,3,21,18,5,2
14,1,908.9205180084086,21,2,34,44,2,1,2,8,20,5,2
14,1,892.9602225327346,22,2,47,36,2,2,3,26,8,5,2
14,1,1336.4715299529896,23,2,40,57,2,1,3,17,37,5,2
14,1,871.2607270800461,24,2,53,54,1,2,3,33,33,5,2
14,1,1465.9083155525855,25,2,37,38,1,1,2,11,11,5,2
14,2,810.8770520462284,26,2,57,40,2,3,1,37,17,5,2
14,2,1038.0994618038728,27,2,60,59,1,3,2,39,39,5,2
14,2,941.4454698549966,28,2,44,48,2,2,3,20,26,5,2
14,1,1109.6086354131112,29,2,49,51,1,1,3,27,27,5,2
14,1,673.496994821313,30,2,33,32,1,3,2,5,5,5,2
14,1,1294.1739340145518,31,1,18,20,2,3,2,29,32,5,2
14,2,838.0664507022889,32,1,9,11,2,3,2,12,13,5,2
14,2,1056.0501676630101,33,1,25,27,1,1,3,38,38,5,2
14,1,778.8180977649024,34,1,10,24,2,1,3,13,34,5,2
14,2,1182.3177202338425,35,1,14,15,1,2,3,24,24,5,2
14,1,988.3759704760636,36,1,1,2,1,1,2,2,2,5,2
14,1,1006.9200769365875,37,1,20,7,2,2,1,32,12,5,2
14,2,682.578105681117,38,1,30,29,1,3,2,40,40,5,2
14,1,753.7567671173376,39,1,5,6,1,2,3,4,4,5,2
14,2,1211.6875862433467,40,1,22,17,2,1,2,34,29,5,2
14,2,1433.94604486699,41,3,65,87,2,2,3,9,23,5,2
14,1,707.3398364446848,42,3,73,74,1,1,2,18,18,5,2
14,2,1456.8325494794672,43,3,63,65,2,3,2,3,9,5,2
14,1,1250.8974031466812,44,3,87,76,2,3,1,23,19,5,2
14,1,1091.289677925774,45,3,88,89,1,1,2,36,36,5,2
14,2,1068.0152225521729,46,3,67,68,1,1,2,10,10,5,2
14,2,694.0994326161167,47,3,77,70,2,2,1,19,16,5,2
14,1,679.7320267305774,48,3,71,63,2,2,3,16,3,5,2
14,2,886.9234190658769,49,3,82,83,1,1,2,22,22,5,2
14,2,1077.6450748909367,50,3,81,80,1,3,2,21,21,5,2
14,2,1449.9802469629008,51,4,104,105,1,2,3,15,15,5,2
14,1,932.4932941922058,52,4,120,112,2,3,1,35,30,5,2
14,1,1063.1387207881035,53,4,115,99,2,1,3,31,7,5,2
14,2,1002.340213202037,54,4,109,119,2,1,2,28,35,5,2
14,2,1672.0527319371063,55,4,95,96,1,2,3,6,6,5,2
14,2,1557.3104238227031,56,4,108,106,1,3,1,25,25,5,2
14,2,1097.355317482005,57,4,92,91,1,2,1,1,1,5,2
14,1,1151.3576622101675,58,4,102,100,1,3,1,14,14,5,2
14,2,764.143927219488,59,4,112,111,2,1,3,30,28,5,2
14,2,803.1244957943642,60,4,97,117,2,1,3,7,31,5,2
14,2,794.3763362433074,61,2,52,53,1,1,2,33,33,5,2
14,1,630.9879330094924,62,2,58,59,1,1,2,39,39,5,2
14,1,1123.6010429175517,63,2,41,40,1,2,1,17,17,5,2
14,2,906.9129299866653,64,2,36,35,1,3,2,8,8,5,2
14,1,925.7146218623557,65,2,55,48,2,1,3,37,26,5,2
14,2,1195.7162091734772,66,2,51,31,2,3,1,27,5,5,2
14,1,780.979747150122,67,2,47,55,2,2,1,26,37,5,2
14,2,1085.117618338222,68,2,37,51,2,1,3,11,27,5,2
14,1,696.2533456558813,69,2,44,45,1,2,3,20,20,5,2
14,2,1287.3421501526898,70,2,33,38,2,3,2,5,11,5,2
14,1,946.742564995996,71,1,19,21,1,1,3,32,32,5,2
14,1,1576.55968819655,72,1,11,25,2,2,1,13,38,5,2
14,2,900.9631786728647,73,1,25,11,2,1,2,38,13,5,2
14,2,1136.9897276518573,74,1,23,24,1,2,3,34,34,5,2
14,2,1162.1293465545086,75,1,13,14,1,1,2,24,24,5,2
14,2,1360.0951400063911,76,1,17,16,1,2,1,29,29,5,2
14,2,713.2056193921032,77,1,9,7,1,3,1,12,12,5,2
14,1,867.0809851694598,78,1,1,30,2,1,3,2,40,5,2
14,1,1757.3580096820824,79,1,6,1,2,3,1,4,2,5,2
14,2,751.1671506242932,80,1,30,5,2,3,2,40,4,5,2
15,1,885.7711919566559,1,2,36,31,2,3,1,8,5,5,2
15,2,1241.373215066087,2,2,52,54,1,1,3,33,33,5,2
15,2,968.6863441092432,3,2,51,35,2,3,2,27,8,5,2
15,1,1247.4030787637212,4,2,37,38,1,1,2,11,11,5,2
15,1,850.2821562818576,5,2,32,40,2,2,1,5,17,5,2
15,1,1360.983188293128,6,2,43,51,2,1,3,20,27,5,2
15,2,1102.7906990178346,7,2,60,59,1,3,2,39,39,5,2
15,1,972.7533484702819,8,2,46,47,1,1,2,26,26,5,2
15,2,923.4432883258874,9,2,56,57,1,2,3,37,37,5,2
15,2,1158.6000978274012,10,2,41,45,2,2,3,17,20,5,2
15,1,1334.4039041387139,11,4,100,101,1,1,2,14,14,5,2
15,1,1196.6894623940382,12,4,110,109,1,2,1,28,28,5,2
15,2,1159.0071063350624,13,4,103,113,2,1,2,15,30,5,2
15,2,969.2632161609254,14,4,120,119,1,3,2,35,35,5,2
15,2,1548.4872815690164,15,4,97,95,2,1,2,7,6,5,2
15,2,1195.8875073594581,16,4,106,108,1,1,3,25,25,5,2
15,2,903.5071896257488,17,4,114,104,2,3,2,30,15,5,2
15,1,971.3025631464811,18,4,116,115,1,2,1,31,31,5,2
15,1,1148.9024859974502,19,4,96,91,2,3,1,6,1,5,2
15,2,1070.479789099179,20,4,92,99,2,2,3,1,7,5,2
15,2,762.3046018722971,21,2,53,60,2,2,3,33,39,5,2
15,2,1455.4142000281508,22,2,40,41,1,1,2,17,17,5,2
15,1,989.9965227708142,23,2,46,33,2,1,3,26,5,5,2
15,1,1422.5607129554216,24,2,36,34,1,3,1,8,8,5,2
15,1,1042.9664681158456,25,2,45,53,2,3,2,20,33,5,2
15,1,1679.4988511493002,26,2,39,37,1,3,1,11,11,5,2
15,2,2023.1271711677325,27,2,50,51,1,2,3,27,27,5,2
15,2,1178.4903929034351,28,2,59,48,2,2,3,39,26,5,2
15,1,904.9392466637476,29,2,55,56,1,1,2,37,37,5,2
15,1,1658.883715280589,30,2,31,45,2,1,3,5,20,5,2
15,1,830.5785749901708,31,3,70,72,1,1,3,16,16,5,2
15,2,1140.7416531269353,32,3,81,79,1,3,1,21,21,5,2
15,1,1328.985902972094,33,3,67,68,1,1,2,10,10,5,2
15,1,1235.1969260712858,34,3,89,64,2,2,1,36,9,5,2
15,1,1032.3383439027523,35,3,73,84,2,1,3,18,22,5,2
15,2,821.04917712614,36,3,77,75,2,2,3,19,18,5,2
15,1,1158.6888311577418,37,3,85,86,1,1,2,23,23,5,2
15,2,947.4517934855609,38,3,84,77,2,3,2,22,19,5,2
15,2,1281.7526132786547,39,3,65,88,2,2,1,9,36,5,2
15,1,992.151447842761,40,3,63,61,1,3,1,3,3,5,2
15,2,1278.3315538270795,41,1,5,4,1,2,1,4,4,5,2
15,1,807.6803309585243,42,1,30,16,2,3,1,40,29,5,2
15,1,868.9839438841843,43,1,2,3,1,2,3,2,2,5,2
15,2,1180.0841492384156,44,1,22,9,2,1,3,34,12,5,2
15,2,700.2366316580119,45,1,13,14,1,1,2,24,24,5,2
15,1,1671.3231937187418,46,1,11,12,1,2,3,13,13,5,2
15,1,1201.213656082628,47,1,7,24,2,1,3,12,34,5,2
15,1,1034.6721000310777,48,1,27,29,2,3,2,38,40,5,2
15,1,2067.503556109229,49,1,18,25,2,3,1,29,38,5,2
15,1,1135.6821899654756,50,1,19,21,1,1,3,32,32,5,2
15,1,983.5357763984263,51,4,112,104,2,1,2,30,15,5,2
15,2,1450.2427075606615,52,4,93,112,2,3,1,1,30,5,2
15,1,1448.3518266280207,53,4,116,117,1,2,3,31,31,5,2
15,1,1835.4885130379935,54,4,106,93,2,1,3,25,1,5,2
15,2,1541.6939281613381,55,4,120,118,1,3,1,35,35,5,2
15,1,800.2980865281997,56,4,94,95,1,1,2,6,6,5,2
15,1,795.0208918901326,57,4,101,106,2,2,1,14,25,5,2
15,2,2008.2927478892411,58,4,110,111,1,2,3,28,28,5,2
15,2,913.9880140694559,59,4,103,102,2,1,3,15,14,5,2
15,1,905.3133430563214,60,4,99,97,1,3,1,7,7,5,2
15,1,1023.8243452306424,61,1,4,6,1,1,3,4,4,5,2
15,1,1102.1116449117224,62,1,15,14,1,3,2,24,24,5,2
15,2,1627.4931341480203,63,1,19,9,2,1,3,32,12,5,2
15,1,1265.501018427162,64,1,12,25,2,3,1,13,38,5,2
15,2,906.7308685217411,65,1,22,23,1,1,2,34,34,5,2
15,1,1451.418221494844,66,1,18,16,1,3,1,29,29,5,2
15,2,1031.9378588780064,67,1,25,20,2,1,2,38,32,5,2
15,2,985.2178817060385,68,1,8,1,2,2,1,12,2,5,2
15,1,1088.8879202635271,69,1,2,10,2,2,1,2,13,5,2
15,1,1409.2172706376207,70,1,29,30,1,2,3,40,40,5,2
15,1,1274.1906383640562,71,3,83,82,1,2,1,22,22,5,2
15,2,949.3242095569583,72,3,87,79,2,3,1,23,21,5,2
15,1,1417.891164752982,73,3,66,64,1,3,1,9,9,5,2
15,2,1527.2058298053043,74,3,88,75,2,1,3,36,18,5,2
15,1,1051.093155098936,75,3,67,90,2,1,3,10,36,5,2
15,1,934.7497044591348,76,3,61,62,1,1,2,3,3,5,2
15,2,1152.8423965246675,77,3,77,76,1,2,1,19,19,5,2
15,2,1346.6156884541529,78,3,75,85,2,3,1,18,23,5,2
15,1,1044.450343218238,79,3,79,69,2,1,3,21,10,5,2
15,1,1482.5280655855192,80,3,71,72,1,2,3,16,16,5,2
16,2,1760.3389770001736,1,2,56,33,2,2,3,37,5,5,2
16,2,1550.7911711769204,2,2,37,57,2,1,3,11,37,5,2
16,1,2047.3117918515884,3,2,47,46,1,2,1,26,26,5,2
16,2,1346.0484799254973,4,2,43,44,1,1,2,20,20,5,2
16,2,2093.4450231619494,5,2,51,50,1,3,2,27,27,5,2
16,1,2723.57006438189,6,2,40,59,2,1,2,17,39,5,2
16,1,1847.7135587251141,7,2,33,38,2,3,2,5,11,5,2
16,1,1502.0283177065003,10,2,59,42,2,2,3,39,17,5,2
16,1,1527.7219283923482,11,4,106,108,1,1,3,25,25,5,2
16,2,784.1531746371816,12,4,96,116,2,3,2,6,31,5,2
16,2,1238.231965103903,13,4,92,91,1,2,1,1,1,5,2
16,2,895.9466509178833,14,4,109,111,1,1,3,28,28,5,2
16,2,1081.340064113179,15,4,100,101,1,1,2,14,14,5,2
16,2,1988.4054565747224,16,4,114,95,2,3,2,30,6,5,2
16,1,1035.347489573629,17,4,105,97,2,3,1,15,7,5,2
16,1,1023.1105563895396,18,4,115,105,2,1,3,31,15,5,2
16,2,1949.3007610428328,19,4,98,114,2,2,3,7,30,5,2
16,2,1190.582000212602,20,4,119,118,1,2,1,35,35,5,2
16,1,2760.702648694983,21,3,69,85,2,3,1,10,23,5,2
16,1,1280.0102914122378,22,3,82,83,1,1,2,22,22,5,2
16,2,1470.4967124014322,24,3,74,73,1,2,1,18,18,5,2
16,2,1303.0605802869316,25,3,72,76,2,3,1,16,19,5,2
16,2,2870.243962994,26,3,64,66,1,1,3,9,9,5,2
16,2,1475.4291145464372,27,3,62,61,1,2,1,3,3,5,2
16,1,939.4300006883318,28,3,85,89,2,1,2,23,36,5,2
16,2,1703.9090479903562,29,3,88,69,2,1,3,36,10,5,2
16,2,1203.4479011938106,30,3,78,71,2,3,2,19,16,5,2
16,2,1726.7015743692732,31,1,25,27,1,1,3,38,38,5,2
16,1,1194.3567972586393,35,1,7,8,1,1,2,12,12,5,2
16,1,2330.697093785275,36,1,15,1,2,3,1,24,2,5,2
16,2,2370.4958819069725,37,1,4,11,2,1,2,4,13,5,2
16,2,1387.3969460400554,38,1,20,19,1,2,1,32,32,5,2
16,2,1417.2657036791118,39,1,28,6,2,1,3,40,4,5,2
16,1,1353.0277980023286,40,1,24,22,1,3,1,34,34,5,2
16,1,1601.5752657096843,41,2,59,60,1,2,3,39,39,5,2
16,1,3251.8321513858086,42,2,54,31,2,3,1,33,5,5,2
16,1,1367.2536039716333,43,2,39,49,2,3,1,11,27,5,2
16,2,1705.7058028950637,44,2,41,42,1,2,3,17,17,5,2
16,1,1580.763654746981,45,2,55,57,1,1,3,37,37,5,2
16,1,2742.371908172117,46,2,36,34,1,3,1,8,8,5,2
16,2,1739.8828938503311,47,2,49,53,2,1,2,27,33,5,2
16,2,1109.122405749053,48,2,32,43,2,2,1,5,20,5,2
16,1,1783.6726138261506,49,2,43,39,2,1,3,20,11,5,2
16,2,1322.2895863371646,50,2,46,48,1,1,3,26,26,5,2
16,1,814.9028308030254,51,3,86,87,1,2,3,23,23,5,2
16,2,1153.2639013301261,52,3,84,77,2,3,2,22,19,5,2
16,2,2237.6335513401827,53,3,72,79,2,3,1,16,21,5,2
16,1,1267.8258542833169,54,3,61,62,1,1,2,3,3,5,2
16,2,1676.8022344325168,56,3,67,68,1,1,2,10,10,5,2
16,1,1288.9051764741332,57,3,64,65,1,1,2,9,9,5,2
16,1,1790.78537917029,58,3,77,88,2,2,1,19,36,5,2
16,2,1817.5863744154385,59,3,89,82,2,2,1,36,22,5,2
16,2,1817.0680947185087,60,3,75,73,1,3,1,18,18,5,2
16,1,911.3378521841972,61,4,97,102,2,1,3,7,14,5,2
16,2,1453.3278885578234,62,4,103,104,1,1,2,15,15,5,2
16,2,1292.5278816151606,63,4,107,118,2,2,1,25,35,5,2
16,1,1247.724703634554,64,4,101,94,2,2,1,14,6,5,2
16,1,1040.5026845078755,66,4,110,111,1,2,3,28,28,5,2
16,2,1549.47855580545,67,4,96,97,2,3,1,6,7,5,2
16,1,1044.950247674937,68,4,120,106,2,3,1,35,25,5,2
16,1,1773.2915029318813,69,4,112,113,1,1,2,30,30,5,2
16,2,1314.053163306833,70,4,115,117,1,1,3,31,31,5,2
16,2,1455.8190477836156,72,1,13,15,1,1,3,24,24,5,2
16,2,1376.9742979343457,73,1,23,3,2,2,3,34,2,5,2
16,2,1093.2131651929901,74,1,1,8,2,1,2,2,12,5,2
16,2,1528.767641735343,75,1,4,6,1,1,3,4,4,5,2
16,2,1222.5632131032853,76,1,12,17,2,3,2,13,29,5,2
16,1,1056.6672618485622,77,1,7,24,2,1,3,12,34,5,2
16,2,1301.4810431789501,78,1,21,20,1,3,2,32,32,5,2
16,1,1791.7222752201365,79,1,17,12,2,2,3,29,13,5,2
16,1,1527.5311222950502,80,1,30,28,1,3,1,40,40,5,2
18,1,2037.3056019515213,1,4,118,92,2,1,2,35,1,5,2
18,2,994.449176778579,2,4,105,103,1,3,1,15,15,5,2
18,2,1174.991107432845,3,4,116,115,1,2,1,31,31,5,2
18,1,871.777489358465,4,4,114,113,1,3,2,30,30,5,2
18,2,989.3574379575284,5,4,91,111,2,1,3,1,28,5,2
18,1,1707.0799854383447,6,4,109,101,2,1,2,28,14,5,2
18,2,1542.5416551639044,7,4,100,99,2,1,3,14,7,5,2
18,1,1495.823578626695,8,4,107,108,1,2,3,25,25,5,2
18,2,1218.8313733286636,9,4,99,118,2,3,1,7,35,5,2
18,2,1684.4630979963113,10,4,95,94,1,2,1,6,6,5,2
18,1,1242.576301500508,11,1,6,13,2,3,1,4,24,5,2
18,1,1020.1364728215711,12,1,16,26,2,1,2,29,38,5,2
18,1,1607.6266817939186,13,1,13,5,2,1,2,24,4,5,2
18,2,922.1859778862648,14,1,20,19,1,2,1,32,32,5,2
18,2,1831.7301205747567,15,1,27,10,2,3,1,38,13,5,2
18,1,1246.1737324401956,16,1,10,18,2,1,3,13,29,5,2
18,2,1546.2030555062117,17,1,3,1,1,3,1,2,2,5,2
18,1,803.4317333420697,18,1,23,24,1,2,3,34,34,5,2
18,2,1659.0320242524213,19,1,7,9,1,1,3,12,12,5,2
18,1,2203.4299857268024,20,1,29,30,1,2,3,40,40,5,2
18,2,995.7526359185047,21,2,59,60,1,2,3,39,39,5,2
18,2,1368.8553926385052,22,2,46,44,2,1,2,26,20,5,2
18,1,1972.2337388524802,23,2,37,33,2,1,3,11,5,5,2
18,1,1105.6911880455439,24,2,42,38,2,3,2,17,11,5,2
18,1,1042.0034809748709,25,2,45,47,2,3,2,20,26,5,2
18,2,768.1835801608233,26,2,57,56,1,3,2,37,37,5,2
18,1,941.783539500261,27,2,32,40,2,2,1,5,17,5,2
18,2,1926.2166546697672,28,2,52,54,1,1,3,33,33,5,2
18,1,1319.257815869619,29,2,49,50,1,1,2,27,27,5,2
18,1,782.7698220801924,30,2,35,34,1,2,1,8,8,5,2
18,2,1239.726650347749,31,3,82,83,1,1,2,22,22,5,2
18,2,932.409042997717,32,3,81,67,2,3,1,21,10,5,2
18,1,1454.656890440976,33,3,62,61,1,2,1,3,3,5,2
18,1,1432.8647252100138,34,3,74,76,2,2,1,18,19,5,2
18,1,732.5889329189306,35,3,88,80,2,1,2,36,21,5,2
18,2,1127.6861637763773,36,3,67,74,2,1,2,10,18,5,2
18,2,1077.0517966417765,37,3,87,85,1,3,1,23,23,5,2
18,1,1070.644223187188,38,3,65,64,1,2,1,9,9,5,2
18,2,1243.2733304305307,39,3,70,72,1,1,3,16,16,5,2
18,1,1280.8459342984065,40,3,78,89,2,3,2,19,36,5,2
18,1,1264.8909015618501,41,4,111,98,2,3,2,28,7,5,2
18,1,1204.0075097357367,42,4,105,104,1,3,2,15,15,5,2
18,1,1071.0660541080229,43,4,114,113,1,3,2,30,30,5,2
18,1,1323.5100820183457,44,4,92,91,1,2,1,1,1,5,2
18,1,1186.6468307263212,45,4,95,108,2,2,3,6,25,5,2
18,2,995.4514895561116,46,4,106,96,2,1,3,25,6,5,2
18,2,1283.41085762943,47,4,97,102,2,1,3,7,14,5,2
18,2,1515.9833480924865,48,4,115,116,1,1,2,31,31,5,2
18,2,1433.644256316528,49,4,118,120,1,1,3,35,35,5,2
18,1,1090.2575330562838,50,4,101,109,2,2,1,14,28,5,2
18,1,1838.1315313861523,51,1,15,14,1,3,2,24,24,5,2
18,2,1234.4451349352453,52,1,6,19,2,3,1,4,32,5,2
18,2,1330.581625978139,53,1,25,26,1,1,2,38,38,5,2
18,1,1795.5831928862433,54,1,2,30,2,2,3,2,40,5,2
18,1,810.7701627519002,55,1,29,6,2,2,3,40,4,5,2
18,2,1677.9396940818963,56,1,8,9,1,2,3,12,12,5,2
18,1,1237.0948736743658,57,1,10,11,1,1,2,13,13,5,2
18,1,1220.0491903265533,58,1,18,2,2,3,2,29,2,5,2
18,2,1286.615701894995,59,1,22,24,1,1,3,34,34,5,2
18,1,1510.5044319923059,60,1,19,18,2,1,3,32,29,5,2
18,1,1582.2261810408363,61,3,76,72,2,1,3,19,16,5,2
18,1,1269.2116745112253,62,3,69,67,1,3,1,10,10,5,2
18,2,1678.2696153475715,63,3,63,61,1,3,1,3,3,5,2
18,2,943.6654323129478,64,3,74,64,2,2,1,18,9,5,2
18,2,1097.178311443711,66,3,79,81,1,1,3,21,21,5,2
18,1,991.2919762303225,67,3,86,87,1,2,3,23,23,5,2
18,1,974.562075369226,68,3,83,73,2,2,1,22,18,5,2
18,1,950.3340673861419,69,3,88,89,1,1,2,36,36,5,2
18,1,814.3623476447827,70,3,72,82,2,3,1,16,22,5,2
18,1,975.5929867024793,71,2,55,56,1,1,2,37,37,5,2
18,2,1406.0795621178895,72,2,31,50,2,1,2,5,27,5,2
18,2,1220.2040756136444,73,2,49,41,2,1,2,27,17,5,2
18,2,1084.673140418655,74,2,54,31,2,3,1,33,5,5,2
18,1,1643.739357258189,75,2,47,46,1,2,1,26,26,5,2
18,1,1445.9097595918518,76,2,34,35,1,1,2,8,8,5,2
18,1,2036.420390811785,77,2,60,58,1,3,1,39,39,5,2
18,2,1942.9599863068615,78,2,38,54,2,2,3,11,33,5,2
18,2,1929.8861812194127,79,2,41,37,2,2,1,17,11,5,2
18,1,1971.0204978025288,80,2,45,44,1,3,2,20,20,5,2
19,1,797.2746077211164,1,2,58,60,1,1,3,39,39,5,2
19,1,1661.51577682435,2,2,40,41,1,1,2,17,17,5,2
19,2,1653.4449761817473,3,2,51,46,2,3,1,27,26,5,2
19,1,1081.9526690967014,4,2,54,53,1,3,2,33,33,5,2
19,1,1066.9591597618178,5,2,36,44,2,3,2,8,20,5,2
19,1,1155.1845406287075,6,2,55,56,1,1,2,37,37,5,2
19,2,1499.236706434603,7,2,37,50,2,1,2,11,27,5,2
19,2,1697.8894450511611,8,2,32,33,1,2,3,5,5,5,2
19,2,1983.734080240257,9,2,47,36,2,2,3,26,8,5,2
19,1,1286.904940291339,10,2,44,39,2,2,3,20,11,5,2
19,2,1403.8705180052152,11,1,1,2,1,1,2,2,2,5,2
19,1,990.4231917498548,12,1,4,15,2,1,3,4,24,5,2
19,1,1213.8149026998844,13,1,10,6,2,1,3,13,4,5,2
19,2,1277.337998989325,14,1,13,11,2,1,2,24,13,5,2
19,1,1157.1074309522264,15,1,8,9,1,2,3,12,12,5,2
19,2,1148.5876102117586,16,1,24,29,2,3,2,34,40,5,2
19,2,2092.0874031173744,17,1,18,16,1,3,1,29,29,5,2
19,2,1685.9374323670606,18,1,30,23,2,3,2,40,34,5,2
19,1,899.7809539630929,19,1,26,25,1,2,1,38,38,5,2
19,2,1181.5311417629373,20,1,20,19,1,2,1,32,32,5,2
19,1,1047.675063319015,21,3,77,76,1,2,1,19,19,5,2
19,1,852.0460016040765,22,3,70,84,2,1,3,16,22,5,2
19,2,887.5009939847961,23,3,84,64,2,3,1,22,9,5,2
19,2,1199.2392309941167,24,3,79,81,1,1,3,21,21,5,2
19,2,1042.0445489358485,25,3,69,67,1,3,1,10,10,5,2
19,1,1934.9207066338884,26,3,88,89,1,1,2,36,36,5,2
19,2,1297.8364009324914,27,3,74,61,2,2,1,18,3,5,2
19,1,1999.3166809616198,28,3,86,87,1,2,3,23,23,5,2
19,1,1471.427023082871,29,3,66,71,2,3,2,9,16,5,2
19,2,1419.1844786364707,30,3,61,74,2,1,2,3,18,5,2
19,2,1855.2978632868135,31,2,38,31,2,2,1,11,5,5,2
19,2,1306.0810347367224,32,2,57,50,2,3,2,37,27,5,2
19,1,1595.7401850424471,33,2,52,54,1,1,3,33,33,5,2
19,2,1175.7009654449255,34,2,47,37,2,2,1,26,11,5,2
19,2,2937.066062983621,35,2,40,42,1,1,3,17,17,5,2
19,1,999.3823313190126,36,2,32,48,2,2,3,5,26,5,2
19,1,963.4695425971017,37,2,60,58,1,3,1,39,39,5,2
19,1,1555.6952341779854,38,2,34,35,1,1,2,8,8,5,2
19,1,1598.7416099672748,39,2,49,56,2,1,2,27,37,5,2
19,1,983.813790573133,40,2,45,44,1,3,2,20,20,5,2
19,1,1753.3225474525118,41,3,76,69,2,1,3,19,10,5,2
19,1,1476.2623555145237,42,3,71,72,1,2,3,16,16,5,2
19,2,1547.3916727095457,43,3,79,78,2,1,3,21,19,5,2
19,1,1010.0991895824643,44,3,62,63,1,2,3,3,3,5,2
19,2,1672.0760489773859,45,3,90,73,2,3,1,36,18,5,2
19,2,1201.4724263300734,46,3,75,88,2,3,1,18,36,5,2
19,2,1787.2970000205642,47,3,86,85,1,2,1,23,23,5,2
19,2,2443.506235381406,48,3,84,82,1,3,1,22,22,5,2
19,2,2249.7021642127997,49,3,67,81,2,1,3,10,21,5,2
19,1,1616.1884484881498,50,3,64,66,1,1,3,9,9,5,2
19,2,1336.7573751148277,51,4,96,104,2,3,2,6,15,5,2
19,2,1340.5459868775115,52,4,99,119,2,3,2,7,35,5,2
19,2,1072.9913335750432,53,4,115,96,2,1,3,31,6,5,2
19,2,2004.6135267298898,54,4,112,114,1,1,3,30,30,5,2
19,1,1441.1136313578695,55,4,92,93,1,2,3,1,1,5,2
19,2,2322.9680547371327,56,4,107,108,1,2,3,25,25,5,2
19,1,889.2680377788013,57,4,111,109,1,3,1,28,28,5,2
19,2,1262.2942834342675,60,4,118,116,2,1,2,35,31,5,2
19,2,1108.359690087185,61,1,4,6,1,1,3,4,4,5,2
19,1,1100.8302161669776,62,1,15,7,2,3,1,24,12,5,2
19,1,1009.520265008724,63,1,1,2,1,1,2,2,2,5,2
19,1,2796.0008779866744,64,1,21,20,1,3,2,32,32,5,2
19,1,930.3238409047192,65,1,7,14,2,1,2,12,24,5,2
19,2,1350.9843756275163,66,1,23,24,1,2,3,34,34,5,2
19,2,1339.0402471831635,67,1,25,30,2,1,3,38,40,5,2
19,2,1218.841943339263,68,1,12,11,1,3,2,13,13,5,2
19,1,1221.980397640475,69,1,17,27,2,2,3,29,38,5,2
19,1,1394.2429826934633,70,1,29,16,2,2,1,40,29,5,2
19,1,1269.786596633629,71,4,119,91,2,2,1,35,1,5,2
19,2,980.2870309823636,72,4,109,117,2,1,3,28,31,5,2
19,2,1746.0189634622145,73,4,117,113,2,3,2,31,30,5,2
19,1,1720.2064092969079,74,4,98,97,1,2,1,7,7,5,2
19,1,1810.2277704662122,75,4,112,119,2,1,2,30,35,5,2
19,2,1993.967335930763,76,4,108,106,1,3,1,25,25,5,2
19,2,903.5265838181774,77,4,91,110,2,1,2,1,28,5,2
19,1,1061.0485752061697,78,4,102,100,1,3,1,14,14,5,2
19,1,1544.3608218302154,79,4,94,95,1,1,2,6,6,5,2
19,1,1090.6670907685498,80,4,104,103,1,2,1,15,15,5,2
20,2,833.9983779891877,1,3,90,89,1,3,2,36,36,5,2
20,1,1393.1785463827612,2,3,68,64,2,2,1,10,9,5,2
20,2,1023.7049731139,3,3,87,86,1,3,2,23,23,5,2
20,2,1597.3731475888785,4,3,77,76,1,2,1,19,19,5,2
20,2,1762.7990020823372,5,3,82,84,1,1,3,22,22,5,2
20,1,856.0678492907034,6,3,79,69,2,1,3,21,10,5,2
20,2,1202.6663013218963,7,3,63,79,2,3,1,3,21,5,2
20,2,1080.5079215219237,8,3,65,75,2,2,3,9,18,5,2
20,2,738.2516498800713,9,3,73,63,2,1,3,18,3,5,2
20,2,961.7761478566714,10,3,70,71,1,1,2,16,16,5,2
20,2,1347.138135508601,11,1,13,17,2,1,2,24,29,5,2
20,1,876.2821245047437,12,1,23,22,1,2,1,34,34,5,2
20,1,1041.422581264208,13,1,21,19,1,3,1,32,32,5,2
20,2,692.3996415131994,16,1,8,7,1,2,1,12,12,5,2
20,1,922.5596241685744,17,1,11,15,2,2,3,13,24,5,2
20,1,913.8311436748809,18,1,4,5,1,1,2,4,4,5,2
20,1,829.0819589874455,19,1,25,3,2,1,3,38,2,5,2
20,1,1207.4662179133506,20,1,18,10,2,3,1,29,13,5,2
20,2,1009.6067786568641,21,4,94,105,2,1,3,6,15,5,2
20,2,1526.2361639491307,22,4,117,91,2,3,1,31,1,5,2
20,2,1462.8709207095142,23,4,114,113,1,3,2,30,30,5,2
20,1,814.0462219909685,24,4,106,108,1,1,3,25,25,5,2
20,1,615.7144616456417,25,4,119,120,1,2,3,35,35,5,2
20,2,1329.987376035297,26,4,100,101,1,1,2,14,14,5,2
20,2,970.83540126833,27,4,97,96,2,1,3,7,6,5,2
20,2,726.1089302067372,28,4,92,97,2,2,1,1,7,5,2
20,1,1248.9316007581822,29,4,104,117,2,2,3,15,31,5,2
20,2,1322.4689285044665,30,4,111,109,1,3,1,28,28,5,2
20,2,1068.093845906092,31,2,60,58,1,3,1,39,39,5,2
20,1,1264.3645072658665,32,2,44,52,2,2,1,20,33,5,2
20,1,882.2189125305227,33,2,56,57,1,2,3,37,37,5,2
20,1,951.4046845379494,34,2,38,39,1,2,3,11,11,5,2
20,2,849.1754112685317,35,2,46,47,1,1,2,26,26,5,2
20,2,832.1123513024072,36,2,34,32,2,1,2,8,5,5,2
20,2,860.4077150208522,37,2,33,34,2,3,1,5,8,5,2
20,1,864.5119240117313,38,2,42,41,1,3,2,17,17,5,2
20,1,1848.1515904452424,39,2,49,44,2,1,2,27,20,5,2
20,1,923.1274615855639,40,2,52,51,2,1,3,33,27,5,2
20,1,879.2744653814862,41,1,1,2,1,1,2,2,2,5,2
20,2,1253.7248004146895,42,1,7,8,1,1,2,12,12,5,2
20,1,947.8312536260846,43,1,6,26,2,3,2,4,38,5,2
20,1,2346.4835541566754,44,1,18,4,2,3,1,29,4,5,2
20,2,945.8393324653363,45,1,19,21,1,1,3,32,32,5,2
20,1,959.01717557246,46,1,29,28,1,2,1,40,40,5,2
20,2,1485.421124627765,47,1,26,15,2,2,3,38,24,5,2
20,1,973.9796846914923,48,1,11,10,1,2,1,13,13,5,2
20,1,1896.2262283579923,49,1,24,16,2,3,1,34,29,5,2
20,1,1342.9498714762997,50,1,13,24,2,1,3,24,34,5,2
20,2,1049.61590123076,51,2,40,41,1,1,2,17,17,5,2
20,1,1196.4551772432358,52,2,52,54,1,1,3,33,33,5,2
20,2,1684.85655547041,53,2,46,44,2,1,2,26,20,5,2
20,1,1235.93439315133,54,2,35,48,2,2,3,8,26,5,2
20,1,821.1836978216743,55,2,56,36,2,2,3,37,8,5,2
20,1,1217.5258465702584,56,2,49,50,1,1,2,27,27,5,2
20,2,814.6074585584615,57,2,38,39,1,2,3,11,11,5,2
20,1,1798.2552051868383,58,2,45,59,2,3,2,20,39,5,2
20,1,871.2374977309066,59,2,60,56,2,3,2,39,37,5,2
20,1,983.8884027343406,60,2,33,32,1,3,2,5,5,5,2
20,2,810.4434057349947,61,4,111,109,1,3,1,28,28,5,2
20,1,1337.7915839094517,62,4,92,106,2,2,1,1,25,5,2
20,1,945.0403885181971,63,4,97,99,1,1,3,7,7,5,2
20,1,886.1865927719218,64,4,113,112,1,2,1,30,30,5,2
20,2,1286.8843169001893,65,4,104,102,2,2,3,15,14,5,2
20,1,2065.777509532871,67,4,120,91,2,3,1,35,1,5,2
20,2,1604.2771433767398,68,4,106,105,2,1,3,25,15,5,2
20,2,916.6476212910253,69,4,102,119,2,3,2,14,35,5,2
20,2,1317.526748011707,70,4,115,116,1,1,2,31,31,5,2
20,2,1048.6684442989877,71,3,78,70,2,3,1,19,16,5,2
20,2,1505.2161401483822,72,3,64,66,1,1,3,9,9,5,2
20,2,999.4969296139006,73,3,67,81,2,1,3,10,21,5,2
20,2,1399.3542820246278,74,3,87,86,1,3,2,23,23,5,2
20,2,1114.998010295286,75,3,71,61,2,2,1,16,3,5,2
20,1,954.5949339849393,76,3,61,78,2,1,3,3,19,5,2
20,2,1338.3707726729992,77,3,79,69,2,1,3,21,10,5,2
20,1,900.6858171620763,78,3,83,82,1,2,1,22,22,5,2
20,2,1280.3993885803488,79,3,90,89,1,3,2,36,36,5,2
20,2,1218.0049716226226,80,3,74,75,1,2,3,18,18,5,2
